,Time,V1,V2,V3,V4,V5,V6,V7,V8,V9,V10,V11,V12,V13,V14,V15,V16,V17,V18,V19,V20,V21,V22,V23,V24,V25,V26,V27,V28,Amount,Class
3927,3529,1.26447969405692,0.353026127088648,0.155945531157487,0.61140867416437,-0.159748965265858,-0.852024623104028,0.125871945336698,-0.21226470596819,-0.0214894525030917,-0.301409652499454,-0.300218489672354,0.389109759912159,0.802730078462992,-0.40896095519885,1.06518013094557,0.560556823420714,-0.164985917131523,-0.242867988461271,-0.0692431750687753,-0.017827590196023,-0.299864384188975,-0.858969914317788,0.0707678396867969,-0.0004404580209006,0.27808524162774,0.114028422620985,-0.0219082370171496,0.0298547871277166,10.85,0.0
54,37,1.29566762073068,0.341483451353791,0.0815051987484797,0.566746069705835,-0.110458773277264,-0.766324792720234,0.0731549033988192,-0.168304137620736,0.0718371100236598,-0.28104399420091,-0.549533938889144,0.0490931624959103,0.303950022826475,-0.316750192452704,1.13489720516941,0.635909577425588,-0.199763166132168,-0.122051064207473,0.0045161815786887,-0.0659833832780103,-0.323607229319987,-0.929781372142459,0.063808805668539,-0.193565114648984,0.287574217952475,0.127880985217088,-0.0237311930875266,0.0251996726837571,0.99,0.0
3367,2912,-0.29997731343848,0.610907773610619,0.728168334825084,-2.2202740496292,0.482689990459355,-1.05105691929229,1.08185977771102,-0.327362676149691,1.05661251703302,-1.11638643708934,-1.2772666259884,-0.633817031020961,-1.16331431653186,0.247078376976707,1.06484550262329,-0.285278557285008,-0.812604620270737,0.449979129888661,0.221988965867493,-0.0127965284086219,-0.0072442635409326,0.310790992575203,-0.386527079654057,-0.479327832682161,0.14803316421642,-0.783789201619392,0.230621171289608,-0.0245313772473885,1.0,0.0
2513,2088,-0.692958943119246,0.120150098610641,2.17913418062923,-1.49650620458495,-1.04226765352929,-0.344733305681907,-0.19505465804037,0.134553978724056,-0.504155138611069,0.0538179784128313,-0.210305314041178,-0.339280141436537,0.0336051763888743,-0.909793592869618,-0.677575296243439,0.528794808029312,0.720183497001203,-1.79699238591682,-0.491043253759558,0.098920031937509,0.401121057417612,1.35762217196903,-0.178146207536854,0.65893392108178,-0.0575303986626553,-0.190667743740496,0.269086231253632,0.184927186706776,19.28,0.0
2220,1749,0.892181730906991,-0.820492559007636,-0.493787691986702,0.297403689998265,1.38249666860301,4.11731213184375,-0.924493806904803,1.04854360694477,0.742127417952129,-0.217243280173151,-0.563218513940256,0.308856936446539,0.004130233927687,-0.179125232220231,0.387837651038701,0.42638124114459,-0.742264352705917,0.41739716241433,0.108822058511795,0.322316629751,-0.0166493614821813,-0.365369513699602,-0.184179593835089,1.00942702593785,0.513839981915053,-0.410996019183569,0.0438480279557226,0.0599497498360767,173.0,0.0
327,239,1.16752665064507,-0.318288402459783,0.502463956274064,0.0339040538689639,-0.584284751589151,0.0245916884758148,-0.41373755283127,0.186412000534142,0.605944768348411,-0.221309819249767,1.11579321751842,0.941680713570008,-0.744337284208546,0.111580899397211,-0.686027922518499,-0.433618407727209,0.250640521635578,-0.596921963915549,0.394674869539615,-0.138335663486367,-0.0405441754050944,0.092396039733822,-0.0383209193849185,0.115914748956021,0.319733279260604,1.12532706189125,-0.058855273536438,-0.0141915693890441,10.0,0.0
2268,1815,0.851407838367669,-0.175495507163518,0.21540396873592,1.11886826017312,-0.229512293883467,-0.222476486740436,0.277401033309467,-0.028629437569493,-0.38891820564271,0.0540247365166724,1.79674577301229,1.30378549508448,0.388595775763598,0.560311019391386,0.41993376352495,-0.110194155439255,-0.348744162094057,-0.202567518475835,-0.568092634390663,0.169827421613809,0.217856675332363,0.352297661033281,-0.196432159814187,0.258155452047572,0.518932208999915,-0.346636510636604,0.0013210892977084,0.036319837097482,155.98,0.0
2330,1872,-1.27166770037799,1.88904711187574,1.30446323795856,2.48437984777315,-0.0333943313734128,0.982198311889953,-0.130141188185063,0.958382818606263,-1.35148221965117,1.35019574181378,1.40206669010875,0.0771705725917431,-0.930893773102361,0.893566747711572,1.18869022851428,-0.249806491257328,0.49920454225956,-0.387158979592542,0.358890800907485,0.29420270327281,-0.117968678094729,-0.269060662558805,0.144826429184229,-0.367248239194429,-0.49522180421918,0.0170211163116364,0.488300794074231,0.245244004708621,2.27,0.0
1437,1114,-1.89660909080384,-0.874932291434351,2.1717070787695,-0.295549942504635,1.12040662931813,0.995729388219279,0.0735230491034562,-1.39383062663389,1.67216149119107,0.719138955077571,-1.51824955489942,-0.652741948490748,-0.254722560180701,-1.58558377310087,0.582556477230586,-0.649260579374889,-0.172365016652583,-0.483300209987628,1.59466818306207,-0.116075030953971,0.13959659480996,-0.629399942401919,-0.210825922731548,-1.24852463741965,0.107218124785061,1.08708875749889,-0.754107274930395,-0.335591929966096,53.02,0.0
3088,2645,1.04983755198728,-0.614592062343275,0.971743698256342,0.0307581785565179,-1.06356740955066,0.0787769766188302,-0.680323686257757,0.174463683446715,0.804981205489678,-0.262880039443813,0.803037108899725,1.18401621095488,0.327700925582382,-0.309180826966153,-0.401168085973882,0.451947377416305,-0.459060179986268,0.194951256991162,0.620434696822528,0.130782122665854,-0.0387714445005678,-0.112728760730859,-0.0641394270372195,0.0850036812407538,0.107326394692652,0.984595165018314,-0.0509516875263163,0.0166811875789022,85.14,0.0
170,108,1.20606523917482,-0.124884657032952,0.118939145289695,0.0237349897103378,-0.549086910063904,-0.949920328551684,0.0708504474888013,-0.125881143133503,0.136791406984301,-0.0713090481052341,1.29067211004062,0.732146691784496,-0.841318571460324,0.502670309047714,-0.496897322296388,-0.164947888104994,-0.064146614481136,-0.247691313675293,0.577806558682599,-0.0842443493263415,-0.0181849497446971,-0.0184539828304339,-0.0845139870486049,0.627739333020967,0.456423963625142,1.09164527702942,-0.107970427358111,-0.0135916772503965,25.8,0.0
2403,1961,1.11960000757018,-0.0173790127439742,0.733075627396078,1.5365378985397,-0.643018876218623,-0.22320460741168,-0.250291609767875,0.138704980107488,0.755790837241231,-0.112901579929161,-0.646045592459862,-0.256991888694678,-1.91720705367433,0.252577927964475,-0.0385153311927357,-0.712976535496903,0.499112753735399,-0.736420938911235,-0.508079021432073,-0.308055563144349,-0.0296807086848885,0.110689647364684,-0.0328661019599941,0.386706432872045,0.562866340131994,-0.256866243911322,0.0430299574129019,0.0186862313791194,9.95,0.0
1103,856,-0.916705678506826,0.74986220076701,2.06766164429563,0.0950770991559482,-0.237842824779924,-0.342993550513118,0.454652785927603,0.0120555537549368,0.432845175364353,-0.691966361829923,-1.11920287621097,0.0866331979099919,-0.271624342022817,-0.478933829313815,-0.737596081072753,0.142109174915807,-0.554216938331369,0.0635285342625771,-1.03391614531359,-0.258887204005612,0.216654237449934,0.693767170967913,-0.282403037941443,0.410592295313249,0.089231305707706,-0.469512234843131,-0.127947585865814,0.162296946484046,23.9,0.0
1293,1001,1.21761784837632,0.328141478440131,0.134010979404479,0.559108426429921,0.0623835628647262,-0.37094419042528,0.0791101743416134,-0.0978479071549191,-0.0885500490646054,-0.358746527097119,-0.0081484630974049,0.695966627282659,1.20018920039365,-0.463128456638382,1.27165872262437,0.248916169542841,0.0895135269734971,-0.742406584773026,-0.430985767213016,-0.0186105980117682,-0.266200230625189,-0.711597277506962,0.093403737541987,-0.300369276153967,0.218634361232305,0.142125259279449,-0.0030952188378616,0.0276995146118472,12.94,0.0
1115,866,0.893572742901918,-0.315897835114142,0.263384464200556,1.32366516115124,-0.153240383908775,0.602034811644173,-0.101911100645934,0.341775848125407,0.27253860549006,0.0053650772368445,1.10640851527384,0.410750706314511,-1.91537389865448,0.650449850351747,-0.342953958510898,-0.733844956658174,0.397841204563287,-0.713528557191373,-0.463181957345569,-0.128266426298698,0.0162980633521358,-0.014151845446702,-0.107097525761575,-0.320423274797343,0.465866080386002,-0.304486830442619,0.0239187737237055,0.0151795104657403,102.9,0.0
1035,784,1.55349234182238,-1.12460698531248,0.463438788753044,-1.50595781837849,-1.46686758503891,-0.338918300787302,-1.28782999680468,-0.0722363164495302,-1.49314311609903,1.43634346386447,-1.31510106406654,-1.34168195698866,0.435370791055485,-0.488230290503922,0.93370027368071,0.108440122633618,0.0865055990828867,0.616812945498769,-0.124664936354739,-0.307868251894099,-0.117828896247081,0.0618561972386855,-0.102484003803582,-0.471195856186985,0.44127785852502,-0.0503415186151025,0.0485440590174241,0.018436994756526,14.2,0.0
2421,1993,1.00957555058854,0.0729062886119003,1.71482479436852,2.42208620474503,-0.888163350619403,0.694156692960458,-0.957776291342409,0.491998628197771,-0.206727049990005,0.781327847936808,1.29035708568376,0.196416156378378,-0.868666465935534,0.212829684947281,0.743374811912486,1.19750517444458,-0.777036960625512,0.565001723380358,-1.56309478851903,-0.1972428435548,0.318212215497789,0.851501916019862,0.0224754532146762,0.210402558176004,0.084578543473996,0.112326113123104,0.0513593100561042,0.0297743592173588,12.14,0.0
2291,1835,-4.17441606896362,2.74865306679212,-0.776032492473069,-2.02433631545658,-1.54975028055649,0.0118583658501428,0.564680986469793,0.680609186025138,2.44806660267812,3.41342567485075,1.25883144387066,0.41865238829484,-0.774310001754612,-0.465106176939843,0.440319424161803,0.620708871159655,-0.774193611397706,-0.333538323643521,-1.06539089722062,1.10840031721837,-0.639719924256275,-0.401210041577239,0.0348036480725951,-0.310504524256693,0.341340210401628,0.777287016220956,1.07061640538685,0.459016100373663,153.76,0.0
1722,1335,-2.29084796764059,-0.72484503433097,3.09071502128286,-0.746779326047737,2.16953298533578,1.97517704581344,2.22527233542659,-3.04315281756665,3.49799904303099,4.06888548822465,1.66918981570942,-0.374296233673554,0.421761845133321,-3.88853147421023,1.98231604824072,-2.86504080211538,-0.132600314129561,-2.66669080612525,-0.290286412218716,-0.189021980958269,-0.396727730045764,1.57463398041113,-0.431064993397507,-0.795598110047165,-1.13796408288464,0.759778609645408,-4.54186016535067,-1.96224080293275,9.95,0.0
948,718,0.325401009632497,-2.50986537245074,0.614650994268659,-0.174644707409684,-1.74726836956461,1.06732871752108,-0.857322841744206,0.432395136574327,0.0100944030476567,0.286615910900125,1.12742663555809,-0.0495470416486209,-1.29823549479655,-0.298422053373612,-0.673038565386043,0.466067751005571,1.09174762769492,-1.69969792362627,0.342444236448931,0.844357712686248,0.37238155180878,0.178947814786103,-0.332992575163976,-0.256951563473416,-0.0064177419925967,-0.24725296906139,-0.0116866535993896,0.0853064156256328,467.74,0.0
169,108,-0.817164489969121,0.548007876102878,1.98742900112693,2.3476202744003,0.0368877421359418,1.50952321014436,0.692961314176488,0.508962009401622,-1.25429675386016,0.174445162255293,1.10403832340459,0.309737812044991,-0.837951587211725,0.214179328423134,-0.527740106897755,-0.422317897460667,0.395338553436818,-0.713973036325154,-0.217067008221473,0.23386480414758,-0.0473359938181992,-0.324229307041844,0.23197950515392,-0.335247980507064,0.161931952468869,0.0146944525029652,-0.0286911681326172,-0.0152570002248224,148.43,0.0
3624,3100,-0.302520690013682,0.447473606170949,-0.495757487926775,-3.21479928170564,2.70504105264306,2.76243958474878,0.593846555077562,0.556451025514572,0.697719595505647,-1.09018090617913,-0.111087964243309,0.0626523474576219,-0.238457031495562,0.215738138536011,1.06935589341597,-0.255230524748655,-1.07208498526811,0.485110431510628,0.271314885172261,0.156089011075005,0.0073428026657956,0.250885695089417,-0.331599689403957,1.00995227965779,0.233730179901549,-0.824470557380348,0.241305212556617,-0.0203586378568534,1.0,0.0
293,209,-0.572010633445768,0.374980871055565,0.923823032724171,-0.954005872315245,0.753635444187849,0.139494795433016,1.45074773940628,-0.551715607125337,-0.126158540017941,0.0684448790819131,0.351181327339534,0.224943615111342,0.448234261671864,-0.362391077337668,-0.29747225625761,0.828896267295928,-1.64672970977544,0.559570501457162,-0.203285080352878,-0.127564678412084,-0.0303236511688595,0.334778622363673,-0.192455176036111,-0.790313074175178,0.110172912071476,0.309764577305615,-0.504722784068263,-0.498287038830461,95.56,0.0
2712,2252,-1.58354990892345,0.545735098799791,0.869471586088412,1.3055657874025,1.87775329045413,-0.721647822869864,0.955916647495094,-0.193202543657935,-1.26913665843088,0.307503319418979,-1.69956072939786,-0.948975635417336,-0.433680946773531,0.328794597921567,-0.289366280573181,0.845511462880835,-1.11446724490856,-0.0694223075742757,-1.1160449336882,-0.358484778358723,-0.0326138597853963,-0.178639263041363,-0.361445588888807,-0.584223447033849,0.58448785522223,-0.0435870682449006,-0.230447164118887,0.219105103350037,31.05,0.0
2683,2224,-0.372972998263944,0.425178292200268,0.898545601792594,-1.54614658187946,-0.0796788587270565,-0.081967508309288,0.487837958732867,-0.0748661942821214,-1.8192938771338,0.510680830788164,1.43791224555452,0.0974098413284102,0.50751210234655,-0.0227839744081094,-0.155933775782432,0.812694303551603,0.2379673422844,-1.67551680401849,0.995028096527211,0.0743086096779768,-0.0493700420084189,-0.34857425878866,-0.0034687225454641,-0.320161340428158,-0.146269277614927,-0.562736718453543,-0.224858877023916,-0.0047569529682187,45.0,0.0
2443,2011,0.739307069840428,-0.853921311663312,-1.75105013327009,0.303891649470256,2.05607290410075,3.47362078874006,0.115685585204352,0.683156072857668,-0.0460031409815338,-0.13481305667524,-0.399212282032816,0.165040351522354,-0.142902670668205,0.4631449905713,0.254740143267062,-0.0530451064920568,-0.587654248648346,0.0758098911558126,0.204520354351101,0.547640383142895,0.0880446513217642,-0.390216506592916,-0.440697256598226,1.03529096992782,0.898443088403736,-0.292249736727451,-0.0418893532374606,0.0573384902645657,293.44,0.0
525,389,-1.58192672515242,1.75475319932147,0.79600331086958,-0.558083886416149,0.302975096982934,-0.068701426288471,0.77621100323451,-0.0571652178896965,1.0361037204818,1.93116230007206,1.46621983747726,-0.359799505683422,-1.51940137656699,-0.759087602702608,0.791610530372678,0.167180502943201,-0.259399468426646,0.0533812821058606,-0.196618550489993,0.908321869122987,-0.511518027283395,-0.729446154413426,-0.0291766127198173,-0.430327782110841,-0.0120862739740218,0.0803178978717252,0.540106669675406,0.0349341728089792,8.93,0.0
3711,3186,-1.76224127285468,-0.288385276060124,1.87682885032932,0.484121808916654,0.409568036496767,-0.504884987632883,-0.745796766735582,0.739941986301708,0.0628307356977856,-1.03702039091932,-0.773840665193246,0.772708549698217,0.658763309485626,-0.0806835099155634,0.10679188157441,0.23939695183603,-0.25122289011288,-0.284511634722347,-1.34190704782464,0.0633949229915811,0.289189123127622,0.43619927429134,-0.0701182035711267,0.0956355806784118,-0.349539097587465,-0.598336367270698,0.0982673397726208,-0.093640514885264,1.0,0.0
938,711,1.34153371928366,-0.066799009110888,-0.118841192855094,-0.455025178098701,-0.0305007053513142,-0.17239147510075,-0.182207156344244,0.0113598506782839,0.138976185534256,-0.006038439864261,0.360217040078118,0.278033926091812,-0.221123119150156,0.449952698034465,0.569547946556859,0.813607119034937,-0.953818286322421,0.432459457010971,0.80439478586779,-0.0523551912782755,-0.141316649417555,-0.437092446017857,-0.103720128585792,-0.7772262575196,0.352175191053174,1.01675895876408,-0.0917393775251389,-0.0195820224923621,0.77,0.0
1726,1340,-0.278463932010767,1.31074250911171,0.47743235657183,0.102364092053673,0.878537941084497,-1.01498880047331,1.06820115851587,-0.250150705531757,-0.844904379363197,-1.06675868467448,-0.351178471398649,-0.101387689292691,0.819055556941088,-1.31690434646946,0.666475687502934,0.455892566009354,0.606221827679609,0.369580303999655,0.0230893631138541,0.0657317164758962,-0.0774204074174829,-0.179169619311412,-0.316154524776255,-0.18303334089286,0.199173658936174,0.354957747370171,0.0222065739939211,0.0751484299276359,0.76,0.0
857,651,-1.77083129029365,0.0344377409325723,2.29896868263854,1.34636977667202,-0.148114474864263,0.0700588816622364,-0.646818826692026,0.515477454309514,0.252557766883138,-0.18680744803684,-0.701294942926191,-0.390290139494605,-0.930702869572679,0.0290978603140765,1.46921118984138,-0.424320679832104,0.407543166366226,0.0509732748568581,0.492943333646858,-0.0221722164161117,0.0980074495871045,0.253604661532075,-0.317748214168333,0.0783800578581437,0.0276069153137402,-0.246427575935995,-0.447484376052739,-0.114312088758932,1.0,0.0
1069,815,-0.883595177395197,0.414590355760215,1.69013242448722,0.191985770208456,-0.17951171227106,-0.444618830214876,0.610345479718528,0.166452959258696,-0.226746173182308,-0.326444914725989,0.914094908145947,0.476736036514129,-1.01800843096243,0.193396698799663,-1.04005205820116,-0.239259975302462,-0.0747476028361605,0.0259991162869702,0.59082451551909,0.25486958500326,-0.0715415733794711,-0.206544921331879,0.0730755481980969,0.54308196716266,-0.0615903702413357,0.209417013464731,0.278170131972118,0.173456265184544,74.22,0.0
1681,1303,-0.821782900611254,1.44269416520187,0.866764671340812,0.898247371870767,-0.139786310362206,-0.804784184825955,0.483185955310909,0.143956622766846,-0.783665682206055,-0.239660754785532,-0.556738870568988,0.35623174714987,0.7085178788213,0.466415501189108,0.924317817279593,-0.252310271662732,-0.071263828575998,0.0584889091915963,0.432784093194017,-0.11725217107669,0.237025668455117,0.545555701615385,-0.10781660912839,0.413896320469778,-0.233578748826749,-0.359934590564993,-0.216462881728878,0.104407683383625,11.03,0.0
935,710,1.40802734147442,-0.33186682634897,-0.313791073511985,-0.849112282912863,-0.36162104365351,-0.863771639715641,-0.0764569968609891,-0.283322650404137,-1.49448098464752,0.83041264504761,1.28818212447088,0.326140263457325,0.779445230505596,0.157625553728125,-0.32664495277952,0.989968167193084,-0.0032792747390988,-1.07842103609149,1.04245317633145,0.154035868332896,0.234797250065429,0.584993733250603,-0.235835623591705,0.0723920917617811,0.826614784994524,-0.0856428893615558,-0.0308215234592614,-0.0080923562618012,25.0,0.0
2717,2258,-1.03045062084051,-0.39107708688712,2.22440833608825,-2.43408991790868,0.178980748716253,0.930839834606213,-0.263866798413691,0.659313797491023,1.54269792963885,-2.29628164188237,0.43506910172474,1.36705465008561,-0.0437582185310677,-0.549767932381122,0.570228840297211,-1.93930537697472,1.25883823338307,-2.37008704260877,-1.41693851697069,-0.163709992900862,0.0167322378237136,0.344308158599909,-0.0241145457814622,-0.582967752886385,0.209374086860447,-0.107881014500586,0.046730390904841,-0.0307383232475814,20.0,0.0
1320,1035,-1.29216639264388,0.694387862399874,1.16410649119567,1.30531682979654,-0.302429380250705,0.553095215517781,1.14659687707793,0.0083872432486584,-0.36352729133946,0.395811552021925,1.40311113505467,1.04468214574577,0.161785575695684,-0.0570409892877971,-0.441966280117441,-1.07423362706738,0.337848501112896,-0.318318636246957,0.974305566263386,-0.0366484251483515,-0.0862713423419725,0.531766410440047,0.161532555298435,0.266848739889886,-0.0943392033348495,-0.314227237204393,-0.137571202938076,-0.381629793365917,155.75,0.0
344,252,-2.39543391284319,-1.54536913635857,1.91939120009215,1.06251356785515,-0.627806201546894,1.15456100138387,-0.86150073881925,1.08948638979191,-1.34126755991622,0.200625621596136,0.824199618905963,1.08834840127489,0.539608343202206,-0.0710282663789658,-0.385580937047806,-2.40742244106589,1.10343414829601,1.03590010430564,-0.146973943018804,0.561230218885657,-0.120568529191627,-0.473852621812664,0.453082048430593,-0.323900292526889,0.105116690567089,-0.219200405888116,0.261788843801088,-0.12295363848915,231.71,0.0
2910,2459,-2.89665369666291,1.50985801963369,1.59139623689462,-0.445591999182279,-0.61711356810324,0.0557478266486841,0.223453475368362,-0.306042909509163,2.29877733619375,2.81014093732582,0.0539870616540188,-0.0857892970717937,0.361272122340803,-1.48214043718312,1.82432240407813,0.100137350838772,-0.770887169759485,-0.095559421132826,-0.972944565134081,0.683777540834449,-0.0433696686705851,1.08829429871413,0.139830954967236,0.0933419476109025,-0.313917881502228,0.339979610626044,0.14101829649595,0.498411734392489,20.8,0.0
724,548,-1.23342604202899,-0.212440503303147,1.83963155933599,-1.80298566693143,-0.493195104056738,0.350423887112834,-0.905316429005938,0.844863073493464,-1.52351682955213,-0.270389878543697,1.56064178808082,0.51074191364734,0.891203952075216,-0.144349281362684,0.170163447691925,1.32773444710404,0.253640453166713,-1.20546717165376,-0.765260691140291,0.108814667415529,0.668410378205187,1.57474998798699,-0.176482199522534,-0.221560659408433,-0.0585043357683988,-0.163971117289635,0.0146702701106021,-0.033209619904332,24.99,0.0
1499,1166,-1.36266677741195,1.03437695013773,0.962541370056411,-1.68779132829848,0.305253755660976,-0.452495145179047,0.840299957740553,-0.299620936615314,0.447843098711498,0.571258055927498,0.628551633726378,-0.0892638833568206,-0.774338478913137,-0.10034329671043,-0.088338884192863,0.732393138180919,-1.23005713735256,0.302127373378291,-0.0995210174839058,0.066051314658379,-0.0742519529130976,-0.167439731747819,-0.181619061983289,-0.325055163579056,-0.271906222911865,0.704352904654313,-0.493989979297929,0.0417023256979186,19.22,0.0
2285,1828,1.08078194941598,-0.177229000583231,0.204810565467725,1.36928909782542,-0.228544772125428,0.0355149685087719,0.0054110301104422,-0.0223521836566984,0.629668075264566,-0.145576527304692,-1.68326862561059,-0.0219590908260635,-0.359674459612034,-0.0886989302173791,-0.339161398399874,-0.131323695622942,-0.275617160611147,-0.0516362555164251,0.253238440590756,0.0198421562928162,-0.0670032688302396,-0.155360977853345,-0.297505428319859,-0.428550568538919,0.804436608841291,-0.227840361933354,0.0175024806700731,0.027983404076453,95.35,0.0
2334,1873,-1.89085249224702,2.05333225592891,0.119536497276909,1.31692335398089,-0.951630792865096,-0.16776828237348,-0.567282330364928,1.47723518286573,-0.236138887474695,-0.121265133875246,-1.22231697498262,0.0258069047466057,-1.15833034245707,1.06026114588657,0.262896438098605,-0.837989969052365,1.18577091399649,-0.455189933111438,0.658032665446409,-0.0320940147983362,0.0123371241937335,0.0933992972714008,0.0240601197394179,0.0580047525669987,0.0401171432810829,-0.203435151583943,0.26661803585117,0.120805149320526,6.49,0.0
2294,1838,-1.54726926396224,1.73321821832673,0.568045944221813,-0.118409344302127,-0.202677230735607,-0.721438777147399,0.585575341517443,0.526176870459905,-1.22182461026328,-0.895185963359866,-0.927744205934325,0.512879831348297,1.0093156795705,0.724624781117855,0.543841954027667,0.2896683254266,-0.130152265853777,-0.561270863342399,0.507428207286497,-0.224379842220264,-0.286580133978981,-1.21060939788818,-0.116204921402194,-0.115189528746843,0.260513972435484,0.0217630036177184,-0.482457143072004,-0.109356355194937,49.15,0.0
1397,1082,-1.5824467511537,-0.0034593485146027,0.64763864504059,0.348055991281854,0.588688821022621,-0.653230638352419,-0.126393652771519,0.434074166872211,-0.0045678278507914,-0.499210894725115,-1.59841721007836,0.399719272381582,0.670577074806673,-0.0565011709143184,-0.379910085520974,-0.0204283204760218,-0.127801575185515,-0.2952524065012,0.640874357169874,0.158310998538632,-0.163526059890685,-0.524740383418105,-0.0450224185768233,-0.412762228481422,0.238437142854889,0.280376950880065,-0.0138523045871532,-0.0080959763641985,20.07,0.0
2705,2246,-0.102731330321852,0.627428953509318,0.947061077717473,-0.864277183907704,0.277120980980619,-1.55480397368088,1.44249031320333,-0.591805611218394,-0.415584412294817,-0.471957732931385,0.066232007008699,0.619696638873533,0.863193294886818,-0.0750683238575134,-0.0944987216357028,0.061805328510205,-0.588803853073901,-1.14937017646252,-0.52306304977537,0.0563445424374396,-0.246071774114369,-0.647594313051789,0.405373373618633,0.727592823693345,-1.41434694782798,0.212162077982775,-0.0573148767011821,0.0050543357459284,46.99,0.0
2357,1902,-0.381035221325863,1.17265061083981,1.29289445961435,0.0002298580600107,0.323594748300089,-0.488164341882155,0.709351738084729,-0.001076216886471,-0.576340555592866,-0.588962859427773,0.210580898782813,0.631840245074413,1.27358328391135,-0.635108761991959,1.01661352669075,0.0344945101484706,0.21986733360519,-0.73254226159816,-0.457154353751951,0.154163160193405,-0.2234615292527,-0.478342591685384,-0.0028214009164699,0.0551814530760684,-0.194277978015902,0.0976738585579049,0.270323663000469,0.0973006572483279,1.79,0.0
982,742,1.00373589679205,-0.124485796298725,0.550523700323443,0.707663000923342,0.114723687894491,1.14220079411675,-0.312824037983803,0.418346705542962,0.369756002528781,-0.400072124048677,0.648682216328129,1.14489751161827,0.184179984399121,0.0030009501332261,0.816541675897903,-1.65988737234569,1.33551871280195,-2.80656075084895,-1.46138145576297,-0.225499546385574,-0.0809378543775752,0.0953447521054645,0.16772915617522,-0.594203557656026,0.103795597020365,0.375502680600504,0.0500580277894534,0.0038407206195075,16.5,0.0
402,290,-0.487233806417431,0.505825332677801,0.880669884051522,0.972986394383984,0.823366603031479,0.287737595747975,0.725038781807074,0.0210404650813969,-0.268138120739458,-0.367036477217974,-2.16628722577817,-0.445540608025697,-0.0164378037250066,-0.0391780755736062,-0.0903000013643468,-0.384981861098362,-0.260995545126631,0.243463141277284,1.32932677508572,0.220836017423361,-0.052209453608605,-0.129566882709366,-0.177153235930501,-1.00411590952327,0.169316754855183,-0.234251736468837,0.129243784017059,0.139251491997244,67.36,0.0
2886,2436,-0.322782044928757,0.731608632517365,0.902574370700248,-2.15540702743524,0.454528559279686,-1.20893393749838,1.19364595315133,-0.436663024269662,0.800036225885599,-1.16213488192134,-0.710536026899152,0.29774530280378,0.317844774150812,-0.0391489565914677,0.870953195224166,-0.456669334923296,-0.777088909801769,0.150068156607654,0.0834882882758963,0.0749024021972748,0.032816231212903,0.499560869348834,-0.363005728598869,-0.0967462854277295,0.154804421034347,-0.810028671279042,0.241138480553263,-0.0177757262194923,1.0,0.0
1940,1498,-0.918129336947467,1.19805632906844,1.20427277824512,-0.28859737839679,-0.422229442336538,-0.678662141537145,0.231561511853352,-0.778358147386853,0.511500323762113,0.0628295669574464,-0.816680968448831,-0.502212114697736,-1.3788981879168,0.0760959219861383,0.238569708422549,-0.168576592102586,0.0565074663225882,-0.388566429313693,0.305098952472494,-0.0465265709657574,0.511232169141549,-0.840150517644816,0.0624659263138184,0.366249386728017,-0.0342333794478952,0.424804101128996,0.222554842795983,0.142330620585458,5.0,0.0
148,92,-0.238410956047651,0.509262765356428,1.95200070367158,0.779065947843994,-0.378940129678235,0.251136557509835,-0.0724120571147944,0.228754858539793,0.210899589494045,-0.373814133802278,-0.715860805290488,-0.046921901071111,-0.334018211683408,-0.245975394600895,0.628314055814284,-0.781586719542126,0.536186774872255,-0.283086494259136,0.681959757026682,0.0046060372239028,0.217448611754668,0.903776545439349,-0.121348659882854,0.141224739734299,-0.613853852033799,0.57592017928351,0.193591768719634,0.165131782369547,2.99,0.0
185,123,-0.50572836193902,0.666300359810047,1.08099302025217,-0.447630349439539,1.03948959591621,0.184016650227627,0.882796990846624,-0.142339931387422,-0.608661013674489,0.0381701289096163,0.307121508472304,0.719950942327806,1.42291278143764,-0.175766659731947,0.0937922586622839,0.570996629224501,-1.31247269525749,0.610038293302826,0.737028122122571,0.435055444512493,-0.058791904639065,0.0220727996984791,-0.226241290144069,-0.986434607700741,-0.0659367342185941,0.25968490364616,0.150573486952413,-0.0425806995061491,40.0,0.0
1028,776,1.26613425079573,-0.2271901441453,-1.073129640361,-0.327992418968367,1.95450004095237,3.54946549039529,-0.593172380311451,0.865150688930723,0.343386109425958,-0.135874302248021,-0.450254281086723,0.256807471070265,-0.16532097249269,0.0908012138656378,-0.0126051584525949,0.0490192774434313,-0.46254593874321,-0.256322674492001,0.587953119128206,0.0211322840224288,-0.279593672896426,-0.802856842484467,-0.0314003156473123,1.03376046547293,0.606614513937529,0.283522641004972,-0.0226192106753897,0.0078588474859927,17.87,0.0
901,679,-0.722725685249494,-0.151058535284702,1.92347905493893,-1.32169729822945,-0.409026720734985,-0.94916732060452,-0.477108714433282,0.0783134086712511,1.0996148356709,-1.09127833907005,0.217931173402814,0.183654870556264,-0.472249907663985,0.153086539667981,2.70368469077415,-0.957342517264207,0.465748366795793,-0.0112544536266998,1.20260647835312,-0.0633602484533822,0.171732714736088,0.643666336602015,-0.11279375933927,0.45976792276384,-0.673286017692013,0.0136262635394626,0.132681022854834,0.123159288787234,0.05,0.0
2944,2493,0.558720238537829,-1.35960336802412,0.824983710016232,0.419280890880563,-1.06028147360953,0.995057292232519,-0.586435926793728,0.447257067864457,0.918205855172049,-0.417605132997604,1.25021237876058,1.13877531304419,-0.646778244169748,-0.133170392665294,-0.44771879328257,-0.415587858469922,0.475882380526655,-0.926248340000456,-0.120270487532106,0.37348895667603,0.0304737944789985,-0.254943354217857,-0.100330537928708,-0.218015811066722,-0.15445215597006,0.92596613864016,-0.0560689594735521,0.0435011427362581,275.38,0.0
3231,2797,-0.45875528619942,0.605383744642789,1.17617449277487,-2.15016338803469,0.300583976126245,-0.830793102119915,0.984874900239992,-0.15991253070837,0.584435027575995,-1.01981562374886,1.7293499486137,0.966372153386066,-0.543160721183498,0.353979807052306,0.44059087882873,-0.727764078215559,-0.457998306545091,0.0451569012891048,-0.245738433700949,-0.0091184079899327,0.151024917082065,0.803849283894594,-0.251524239368428,0.224740295052681,-0.0632810668060777,-0.83921339316219,0.250582347779497,-0.0256044798669973,1.0,0.0
124,78,-1.76040248125239,0.221924152797281,0.57994989780958,-1.41319409165479,0.804876248697532,-0.353324324017208,0.869655640783752,-0.0314771123007841,0.317739046599955,-0.118295038003083,-1.05373046150703,-0.296843762372022,0.131364139882473,-0.170066568654683,0.748794674798081,0.410891393380287,-0.749974772242235,-0.745597186274414,-0.487556885058905,-0.105203803316252,-0.403692058766006,-0.478169343242452,0.261137611637607,-0.903294970597949,-0.130708919076979,0.713907127338597,-0.0281344792543295,-0.410876701219026,62.92,0.0
2633,2162,-1.76279194655767,1.38793847324202,-0.896281576897078,-2.65893729300144,2.22987740064676,2.99445224796035,0.116367086211614,0.71915062508543,0.873319658065749,1.10636328342546,-0.0999494236664364,-0.217966872997479,-0.100270014295962,-0.314355400730819,0.688756517585276,0.654227776564086,-1.23446115694458,-0.100876835805989,-0.403912957494547,0.428689183665103,-0.202855390888034,-0.479213508610244,-0.0018969150680666,1.02436359220795,0.0316049491175749,0.679564191637301,-0.632820368228052,-0.226928279213177,0.68,0.0
2604,2131,0.981404040036159,-1.97718050501105,0.0322935826788365,-1.28693321305847,-1.61991816354364,-0.338634951096526,-0.706265083558919,-0.193254046133258,-1.69494343813448,1.28007763612035,-1.19797675828015,-1.18528726646579,0.582268020640549,-0.333305308491125,0.869194173067433,0.102042270984841,0.138327743253159,0.268565839648901,-0.0184253855737366,0.304601411833281,-0.243812421409808,-1.03463979426214,-0.187225525944138,-0.502535743143595,0.127908913588383,-0.389264103557009,-0.0156512744176319,0.0731953488232792,313.24,0.0
3926,3528,1.15888957768675,0.144257515648809,0.599070454298073,0.66381188290642,-0.481159498731764,-0.705968207567497,0.0074836228267714,-0.0861445740735495,0.0341491208833502,-0.115419107767325,0.278259031012544,0.502049121402092,0.126644301924458,0.31417323440356,1.27475864756759,-0.0771446359364937,-0.018795669055337,-1.08004296281122,-0.605448581025398,-0.105895599922459,-0.19863169319073,-0.588861906788254,0.19171000508665,0.392761812490927,0.0904750296527133,0.10248486214954,-0.0163332417382076,0.0218423625411924,19.99,0.0
732,550,0.601635839119152,-1.63433494183935,1.04273785363475,1.06376782379264,-1.87293278103272,0.247780877419169,-0.699908889914933,0.211613084879485,-0.248832690341523,0.658580128984467,0.510156356994848,0.445604237180162,-0.968040601734873,-0.118080405943428,-1.16394583433538,-1.43576928370444,0.109774017519939,1.6557971524971,-0.670856256728255,0.0031284571842733,-0.302662243392807,-0.926638891190288,-0.144533818791346,0.4841265616282,0.113314801347072,-0.498559987660335,0.0282614737650415,0.0842195439894734,317.25,0.0
1043,790,1.23839581871774,0.277070533700025,0.655387460735918,0.69525533074565,-0.619274861311491,-1.1749949614881,0.0836216127957907,-0.239305593903161,-0.0115858272809563,-0.0726050179611909,0.115194420458092,0.597569213290794,0.484087605028933,0.213756010704203,0.98303987914514,0.196755400041677,-0.317095215400981,-0.676888321529364,-0.243517701742672,-0.0903814750725355,-0.233646762765174,-0.665400673096635,0.174617549248995,0.712587983537834,0.181667425892197,0.0736198647433207,-0.0270535107675305,0.0227331869967365,1.29,0.0
1266,977,-1.3502693169092,0.116761785464408,1.83413735255489,-1.03387255952355,0.907840202576678,0.83266556943524,0.735461521998122,-0.0002600882451586,0.217006555137544,0.172693801479539,0.361194684813693,-0.113298236045358,-0.16134104844934,-0.407630521158058,0.565844220306696,0.872901299047488,-1.41112658019992,0.411719892169649,-0.36169789788679,0.438379831091235,-0.223303901853869,-0.278548861845646,-0.273700205999335,-1.35233199582464,0.315434107076866,0.304890166478701,0.0243639371196386,-0.201777628961764,99.99,0.0
2277,1823,-3.07306130448648,1.55473295858606,0.728721421978514,-0.937443614065527,0.928604345979348,4.97412990063124,-0.786161938764827,0.866336987287211,2.45540364467211,4.73062206037467,-0.92592522729139,-0.260474644598186,-0.0800305786391325,-2.59645646321168,-0.917731748786772,-2.74043819364371,0.0916640880045083,1.45885551263588,0.670220032803916,1.5634204797177,-1.09358993981095,-0.809802210738652,-0.279722352113206,0.95647919328388,1.00049026728879,-0.0935285145826187,1.14942245927788,0.426913721497059,20.0,0.0
3464,2944,-0.647017531645614,0.677829729931054,1.7027843712277,-1.37688390425706,-0.238160017390709,-0.771276020675469,0.453821498175347,0.156475481459667,-0.118483912342828,-0.530333110824954,1.0341575270177,0.0886857679374079,-1.13222811682026,0.353175774021179,-0.07880582611058,0.845326600151861,-0.865913358020618,0.276100252450318,-0.389158790835418,-0.0244559865943672,-0.0430544782565335,-0.160088207320677,-0.0745840486137903,0.334617651522146,-0.408569539626129,0.705203936442019,0.247812226000131,0.161901496559042,3.0,0.0
661,499,1.3557901906947,-1.12292133786697,1.19118651886482,-0.576548234293602,-1.70874993200339,0.27472130398081,-1.64078505481719,0.29583848196265,0.618648905477178,0.4759433901479,-1.77223150423123,-1.55824688021963,-1.27612800905177,-0.750821284462162,0.394212595428514,1.56319275247315,0.139540721031493,-0.36804374002546,0.765654082163175,0.0205480045334285,0.302035473083703,0.920012981653448,-0.210219139057237,-0.435499297977867,0.450803217600567,0.0684543229420127,0.0622143719882329,0.0221905768873151,22.83,0.0
3822,3342,-0.445046641706016,1.08970364358097,0.967707297810938,0.917222308137908,0.549493651247522,-0.7941244517796,0.961970678918623,-0.188032008053509,-0.82769590686457,-0.100080116021696,-0.0217536784002028,-0.0466542452328884,-0.323854163368086,0.589542413694225,1.04495628185547,-0.980997210860325,0.332542673761043,-0.636168397413518,0.0769165614429873,-0.0808379974410052,0.199588602647176,0.595904053804217,-0.116816858465558,0.418544731100923,-0.22400264692928,-0.30530185491325,0.0223093637886539,0.174876943927194,1.0,0.0
1172,914,-0.820178042380716,1.22560499872124,1.51729016674961,-0.0074919073087294,0.310122830838809,-0.936489755701157,1.02623432453806,-0.163058449108249,-0.500996949809844,-0.424367089259257,-0.463978564420869,0.220510219665792,0.481359601766878,0.0213091305020114,0.296478922770553,0.19377380851393,-0.703515469117494,-0.168465352558225,-0.955137170727904,0.0150053216308947,0.0328313064352259,0.136685598689943,-0.347710766791021,0.390411651840017,0.849821372435607,-0.405566638580434,0.0745954182090791,0.0409595778222635,11.03,0.0
143,89,-0.58985594431031,0.933069872085511,-0.268072620732792,0.125244627239472,2.39699176873031,3.87794520049758,0.189985382765024,0.960388587508909,-0.230000129467768,0.295110184147811,-0.596572414069867,-0.118180797970475,-0.211613863019969,0.0633812687719764,0.179691246589452,-0.608157331324541,-0.159369564369714,0.203083947961651,1.42450964479452,0.401336397946736,-0.154397329642493,-0.174834146347359,-0.201368584047207,1.01343875338307,0.194412480408354,-0.231764974031582,0.54114688698825,0.255373812796189,37.13,0.0
362,266,-2.56496104960942,2.47098454163356,2.64941697024535,-1.56425570856864,1.79429703898473,-0.614741707014684,4.18590625716717,-3.85535901492996,5.43663339611854,8.73745780611353,1.68296295839224,-1.30953568707587,-0.052481298491655,-4.8907163871643,1.60814071979663,-1.6660779799987,-2.43592142509309,-1.16940153003904,-0.428481920784028,3.56413797854005,-1.67270646329749,-0.463149141229711,-0.532466362390539,0.306493528732909,0.22684414397411,-0.36541574581084,-0.936734932768158,-2.73388711897575,10.35,0.0
1913,1472,-0.814122867921239,0.727476328863968,1.62136625269255,0.727474604046525,0.563879852624171,-0.278734449174759,0.709641862772158,0.0207977386794341,-1.14287728927796,-0.222922880541142,1.00315958477585,0.60040384256707,0.376068461396726,0.445883665820133,0.439996513265191,-0.0598948927190125,-0.512005821536235,0.685685288426609,0.924903251536391,0.263094094237626,0.170307659808033,0.328134670613437,-0.286202373968506,0.0276208185792074,0.570778790650325,-0.19501554857263,0.0451854202524702,0.0712839642409704,46.08,0.0
1062,805,1.12109275076464,0.111321696197022,0.498385653857671,1.32860046438535,-0.272975557022655,0.0013487299722412,-0.110423125485535,0.1796405528245,0.174674550571332,0.0776678044851743,1.16741241206306,0.735213084082945,-1.2863769166173,0.478582643212905,-0.696773733222636,-0.538418032026758,0.145510606935275,-0.423758513939077,-0.145370102633086,-0.267026753554355,-0.0531300052565284,0.0127098648285372,-0.0303755179584482,0.216249410649613,0.573753103013664,-0.338609680414014,0.0309648947969369,0.0044150693491336,1.0,0.0
1340,1046,-1.3766315714033,0.180299950801024,1.55367259535902,-0.0295898487103223,1.10214700298102,-0.165468393825029,0.764656714841963,0.17918989647493,-0.967716548841409,-0.666322279550935,1.05413809916406,0.676394357207489,0.0982109344821995,0.434382478753468,-0.0674988086888738,0.176420118940858,-0.730607307117786,0.120716492166344,-0.795164587940044,0.232261590322954,0.241583476981902,0.312953895560751,-0.118165933532655,-0.311745051896749,0.704546409598354,-0.378981969424761,-0.0077704894386528,0.0643881577902998,91.18,0.0
1802,1402,-0.0180662497548388,0.64040901084713,1.09703313526674,0.235096983627181,0.347752704887873,-0.411685510575657,0.552635153567416,-0.240130699358083,0.0468194505782459,0.149082408188989,-1.27268992306202,-1.19587069406633,-1.26123121725743,0.221229211414629,1.42422114655055,0.198907820067407,-0.514758246855294,0.145186714455916,0.961227588533103,-0.0233064716258482,-0.262232129929961,-0.696157886652081,-0.0442944280973463,-0.504117310637944,-0.647640403193697,0.108582851061397,-0.232884442348377,-0.169556253242525,1.98,0.0
1037,784,1.01736517724493,-0.601122651864939,1.73585472389309,1.08830206890225,-1.46458249794392,0.501230662848885,-1.07197129862317,0.370302369015576,1.63548618689296,-0.492856951363125,-0.74336930155871,0.791612948736969,-0.346295968220146,-0.903682755672667,-0.828768856237488,-0.666359757240187,0.667499724504093,-0.854673339000998,-0.189494917301996,-0.112246740934216,-0.0068761532418225,0.371963092819526,0.000119440190215,0.49005322648471,0.216836371992089,0.579526098759266,0.0505356167672683,0.0310992458220654,37.5,0.0
2773,2312,-1.13504387099361,1.7199712612704,0.855956582597991,0.120668483169392,0.387219726544755,0.259148211478088,-0.299757430150832,-3.40402476035327,-0.119195867723541,-0.0344078305242276,-0.941125407757518,-0.411609107019113,-0.0954196420124251,-0.412399284405619,1.28651921370212,0.30441026305121,0.116322110225319,0.305158382603056,0.889878754668168,-0.538974209101782,2.75921521663903,-1.71222984210073,0.289317591754816,-0.554359705719843,-0.395075550907198,0.17305805013616,0.0996453491944103,-0.0538952185802732,1.98,0.0
2740,2274,-0.357832283145199,0.950996331283401,1.26976648663671,-0.401562171924453,0.299094267550881,-1.13956586493631,0.862820448534928,-0.168224478369068,-0.488103600835708,-0.947095403122836,-0.210507934411232,0.363954473387139,0.79653422027685,-0.591993771307864,0.265405523384701,0.691355355637597,-0.37501796651044,-0.318580546106911,-0.953234088536339,-0.0725263529472019,-0.184822895200597,-0.611492942668191,0.0258847873030039,0.340087490086645,-0.270330581312096,-0.119497206555763,0.0033829304486519,0.0561768313104378,8.99,0.0
2940,2484,-1.91764364362283,2.03880019184379,0.418684584916164,0.890991385632815,-0.670738028819974,-0.825522003711609,0.187236610063911,-0.497055472920103,-0.458007321564452,0.404905782375149,-0.172131561623675,0.922636716686688,1.25432801701508,0.364962951683406,0.862447015896764,-0.343850491930175,0.12064493165537,-0.134663822261273,0.225201165508115,-0.0905669824446979,0.935584332514803,0.344197422668884,-0.0435906046075896,0.751018704211793,-0.162306120781841,-0.395783605677015,-0.225483693623519,-0.0558898433296139,38.19,0.0
341,251,1.20663783361344,0.14334482860189,-0.131755553409093,0.902486188743593,0.219547240259409,-0.0281552578435466,0.0992947158686046,0.0020198291605434,0.166709161604128,-0.014765734374626,-1.07273779855187,-0.471208191355173,-0.75213351615446,0.548864045894721,1.33307729104059,0.0461361233755512,-0.401576803606235,-0.213131374348739,-0.415565038795684,-0.14914477086753,0.0064144597130017,-0.0001732219459546,-0.186809603140682,-0.77728434013929,0.686914708134492,-0.246619857871161,0.0181759270789644,0.011323875722827,31.8,0.0
802,609,-1.5087128091014,0.731305239252013,2.11371736096056,0.0670233817026012,-0.413713117681184,-0.475388999567003,0.922241697758886,-0.573582939681751,1.54723448527659,1.41195974407125,-0.264252357660255,-0.0493273541378491,-0.1672519573546,-1.35374899014054,0.0093179744719079,-0.531424083993356,-0.348115036225665,-0.259588108433339,-0.124294387982811,0.675191497363573,-0.19695750623275,0.703238101044725,-0.268617457510968,0.783737200351969,-0.0108202589691596,0.371412427138071,0.277462056645289,-0.0226272535410696,69.99,0.0
1195,927,1.04009368292293,-1.71928808144519,1.55672997085606,-0.0808158521213626,-2.15666691068315,0.754853463360954,-1.70856664214547,0.360144946319283,1.17445195707691,0.144732261167259,-1.9381391623404,-0.509705609474116,-0.445164448913553,-1.56853239538401,-1.56444720895356,0.71225794136145,0.81431785406581,-0.90638815594295,1.14010311443103,0.305757718007592,0.307718541455514,0.990798159318891,-0.352215768579767,-0.0506250611357206,0.535659944477641,0.117422004490674,0.0747434178694767,0.0485050310680458,150.0,0.0
1192,925,-0.839014456652361,0.932908591164954,-0.189815284930206,-0.858152291376873,2.98044567554037,3.53682720969579,-0.246886010457171,0.190391399321978,-0.100620863873305,-0.332547646240719,-0.813340759555081,0.0506232560596326,-0.424179978772071,0.078717008417669,-0.843482446273928,0.0434305634571784,-0.701277443257236,-0.0008222639390292,-0.265275050599208,-0.145490725669706,0.6391200893775,-0.585932519690463,-0.677088302941888,1.00764007254375,0.184193604802283,-0.519983932019725,0.441635839747905,0.213612151280563,8.99,0.0
2753,2292,-1.87427145845154,2.14498484720603,0.427838495725081,-0.711954426471514,0.608883808378139,1.48887693822051,-0.808451733725057,-3.65504840009232,-0.206589003158246,0.443179046261087,0.475746445359412,1.1908758609707,1.17428844361837,0.12685690254615,0.306229340105451,0.454500189429372,-0.615315466150108,0.0547361082397497,0.341152997100964,-0.498554626146146,3.56220208904687,-1.85127477039865,0.409944673478077,-1.4075494996248,0.0739475940045259,0.200363305918275,0.561087911307541,0.201981736216977,4.49,0.0
2757,2295,1.01071766146742,-1.94624961189457,0.636647431355762,-1.25040164712204,-2.07155476958264,-0.108122765191096,-1.29528739714264,0.188696817834919,-1.60263479789947,1.51565776894268,1.25962165395507,-1.08909662955384,-1.45838864146563,0.170770328745135,0.614017324795927,-0.188379891637946,0.592647341777908,0.565270942865497,-0.63835672192629,-0.0647054458292032,0.130984038918491,0.241746145915792,-0.111224317909397,0.173227591665785,0.0710834951617159,-0.118319055857038,0.0144669295325832,0.046329565846471,212.0,0.0
2936,2481,-1.03065840882926,-0.966139874681172,1.15345334528104,0.406910501868142,-1.4469126375948,1.99951655671414,1.37215616056783,0.191045815529283,0.106135858050685,-0.919607550530661,-1.65578506673981,-0.388864517065933,0.590979637915901,-0.467595853466514,1.40604142358821,-0.375013144252971,0.289376974187718,0.174382522378051,2.09915935240304,1.32878204616287,0.20142279977112,-0.0125109317511765,0.907454607156902,-1.29049073404521,-0.165560912900037,1.32124905171682,-0.0636281089379609,0.132974207614874,500.0,0.0
1316,1030,1.19268809535852,-0.677879844804251,1.00236167527514,-1.34769385620929,-1.57110902318497,-0.942742169618731,-0.815857211400623,-0.016061921018562,1.91699820706968,-1.09047180695947,-0.244829689984607,0.3732205102799,-0.153691971966039,-0.061590959605866,2.3339139332982,0.119737398167205,-0.416918240778262,0.637143567491935,0.307706082368668,-0.0022852169699095,0.259927917534366,0.803309043511309,-0.111711772390283,0.456169735920339,0.317138256532312,0.114958706058308,0.0437988465978707,0.0368824141648021,42.99,0.0
234,156,0.714401041887493,-0.493905247379715,1.2694845591686,3.01149410625398,-0.8012158749352,0.929403838218131,-0.428879150364413,0.284565326132955,0.406555465390931,0.248953649124813,-1.10356340718444,0.517018446849189,0.0703565222519496,-0.690133944359364,-1.23151809368767,-0.246761403592672,0.277265679284039,-0.743478106720194,-0.984552583169264,0.166906057672634,0.16212295839497,0.454363897973616,-0.26357627145285,0.144387968224367,0.483056303230401,0.222374471953349,0.0315966601243725,0.056035759885241,184.31,0.0
3837,3373,-0.524603766505692,0.805101048668535,0.450062672182075,-2.52649055778494,0.845028659367677,-0.416562508536488,1.03381646202959,-0.198465311670288,0.854714267667852,-0.672020926794756,0.165957800188753,0.479837079726433,-0.05161436370847,0.122278471621991,0.295473771111879,-0.0102165568490828,-1.32471810599456,0.963919459881745,0.669876246280524,0.21659333815373,-0.0061123347981565,0.395928345796397,-0.464818607113773,-1.02865749927557,0.276255224030495,-0.768149366783087,0.338199468672368,0.0224391459777373,1.0,0.0
3188,2762,-0.864948839515077,-0.769920119773263,0.829224678460325,-1.73516516638065,-1.17595772954141,0.253454524833079,1.31569695366474,0.118620136745146,0.9811202058565,-1.73861527841015,0.971364314020279,0.680658739792698,-1.35050322724941,0.269612997967918,-0.27764191937805,-1.18925103744142,0.39729938748519,0.0939073169929233,1.14361401927287,0.553798634044332,0.293608089480705,0.542974210158684,0.58983284632277,0.0336052996771149,-0.222383360869963,-0.0498982758673389,0.0574136196010031,0.159841031886183,324.55,0.0
1816,1410,-0.392638512403186,1.09574779289221,1.27299221774436,0.0124271322457151,0.253465589861417,-0.511094801259481,0.653559865726613,0.046098086722106,-0.451183018089092,-0.565682879339604,0.0694897218639666,0.192455114639874,0.447665741569308,-0.469906261538772,1.10785596803982,0.0734819317358975,0.267128247805666,-0.629936560918334,-0.452030102676862,0.108786582447493,-0.23080072775025,-0.546834620425652,0.0143165187354824,0.032242547791648,-0.220879745348234,0.100377302772715,0.263772622733104,0.0958975434572256,3.99,0.0
1026,774,-0.0480722263526689,-0.203189786179638,-0.795323781617442,-1.96299361705755,1.87527405117582,3.23535519441325,-0.181833029709264,0.730624953888499,0.785343554348635,-0.848066415751482,-0.0486577848519132,0.299110699967489,0.0205356872137498,0.230592381454774,1.80864166650103,-1.17004757354469,0.195097729043755,0.313330397186933,3.09774859803219,0.223579124599959,-0.157601068761969,-0.353111367621183,0.0048807684469694,1.05961787395147,-0.356241249929067,0.0078881110572079,0.0407199829733606,0.0306762773753626,78.44,0.0
2019,1559,1.18101532146002,0.183850445968687,0.699030319005718,0.700274489870447,-0.595809755332886,-0.839532493514369,-0.0386418652846979,-0.0732948230599517,0.0784769499327536,-0.0959245611010035,0.398875215133423,0.371852920353621,-0.283930845010907,0.396056072520236,1.29801493934124,-0.122310020730535,0.0767041474918622,-1.10560946955963,-0.674453675023823,-0.175241648557644,-0.200932812404248,-0.571251666667236,0.23845415228205,0.58785842712698,0.0574501332495618,0.0929959032247975,-0.0148804587046666,0.0198079825404681,0.89,0.0
3804,3316,-1.17468371066603,0.702097813756032,1.6079391944595,-2.12109013081053,0.673510745702984,-1.58523262284223,1.20668831935832,-0.705893569136865,0.967932754695296,-0.637076616373037,-0.0062708034562966,0.56219922225589,0.615241562087159,-0.423111947968406,1.00431789975722,-0.734461610973989,-0.674740074654043,-0.135194554164499,-0.0155770501393758,0.204851169260137,-0.103881219393056,0.365500488001497,-0.653012498828761,0.423473107442245,0.869055915514693,-0.733571798516781,0.0279332173211941,-0.297790066124573,1.0,0.0
1309,1027,-1.63273331446879,0.0470649566616527,1.21573504169491,-0.374217315371892,0.197159896625098,-1.24512966372158,-0.225829145423466,0.610642512776429,-0.272008739264691,-0.657899237317553,0.873969058045738,0.700311310729056,-0.91179744284445,0.623570359217201,-0.926938851369781,0.287658178636049,-0.236892497872176,0.0013697152337171,-0.0221910816795736,0.136844404246339,-0.0097183978997663,-0.39107612303764,-0.0230930228779524,0.554240750671014,-0.287719437227587,0.257498463913228,0.184931925417237,-0.0385839042247365,1.0,0.0
777,588,1.68531381539456,-0.782434172834144,-0.742996681317234,-1.67382073909035,-0.440120445524535,-0.558665788282573,-0.499750302197541,-0.323985971664054,-2.08598361759199,1.50804186201867,-1.73470063295164,-1.45176798460013,0.511670065490128,-0.0971414259559966,0.387009382134111,-0.364737263310012,0.16254713417453,0.213913142197501,0.407241067477861,-0.332877054473542,-0.273902114306973,-0.352040196196557,-0.240869344377675,-1.00953470115138,0.869889688668569,0.0050567630846087,-0.0030363840077724,-0.0101377673905887,0.01,0.0
200,132,-1.57135931118663,1.68750802712553,0.734670437858068,1.29334959714667,-0.21753166347078,-0.0026774679639263,0.147364180877205,0.515361979346643,-0.372441612815001,0.078020678219396,-0.592494907439863,0.99794100956986,1.10932838560526,0.0600476234099728,0.0861407955897413,-1.14989267358928,0.76519825435519,-0.810588623188627,0.737550435684102,-0.0936135323992745,0.0485493139851947,0.377255527434062,-0.0304355119893346,0.117608127652655,-0.0605200767063873,-0.296549879661509,-0.481570296943838,-0.167897497050231,10.0,0.0
1633,1264,-0.442792307160793,0.626259603331367,2.05330151275828,1.18147858923664,-0.556878260682205,-0.236827130881061,0.489551188726867,0.095943926633051,-0.771288976252817,0.0475912634263108,-0.734612888058633,-0.822996213241838,-0.668266114912303,0.0461305864892919,0.770717791339593,1.0539569207604,-0.613815012305093,-0.0153241456191305,-0.70738740103957,0.0996211087940814,-0.000701152053717,-0.296691668694916,0.203855594838794,0.371171194613284,-0.431151441222131,0.744240577569034,-0.0618644987772203,0.032084470579635,85.79,0.0
3961,3589,1.13164061467364,-0.113465628497318,1.16153411014782,1.15306651162345,-0.790211546142258,0.305945737355912,-0.68934135229459,0.275890542214499,0.699031482127237,-0.0240560556627017,0.564799215635161,0.905514603944997,-0.288993657908986,-0.123844807278591,-0.465627202923713,0.383972429447035,-0.601191544998544,0.576249437407222,0.203554241195123,-0.129941933273483,-0.0353098454181496,0.0541834244020103,-0.0542108651909641,0.0056628381549453,0.418439135622392,-0.405431396888532,0.0661760395191066,0.0243083245559245,9.99,0.0
19,15,1.4929359769862,-1.02934573189487,0.45479473374366,-1.43802587991702,-1.55543410136344,-0.720961147043557,-1.08066413038614,-0.0531271179483221,-1.9786815953872,1.63807603690446,1.07754241162743,-0.63204651464934,-0.41695716661602,0.0520105153724404,-0.0429789228232019,-0.166432496451972,0.304241418614353,0.554432499062278,0.0542295152184719,-0.387910172646258,-0.177649846438814,-0.175073809074822,0.0400022190621329,0.295813862676508,0.33293059939425,-0.220384850672322,0.0222984359135846,0.0076022555999789,5.0,0.0
941,714,1.17474814289013,0.21406563175523,0.349599464330007,0.92134222041131,-0.160509867826635,-0.319185241422482,0.0121834494480158,-0.0193824217648756,-0.187794452016263,0.147884884430247,1.0187192319967,0.87439504511362,0.18992624206433,0.46496611724584,0.352938615684125,0.502401177131931,-0.883747353620278,0.436112473458704,0.0549568055222407,-0.0627074407420661,-0.0303801936441133,-0.137945333416725,-0.0829657234087229,-0.057925441694009,0.53105184022525,-0.458175167515186,0.0170206300453224,0.0166609030230508,24.95,0.0
1212,938,-0.262406842250434,0.505616338916474,1.71275034220427,-0.23064778139413,0.0627530155334382,-0.606017077274653,0.860131461544661,-0.262527162580625,0.311220406313476,-0.663530957824035,-0.902207221135194,0.264419705040071,0.0193383556762235,-0.621307868588015,-1.13741422734086,-0.205710014284315,-0.354741854245648,-0.559207335676406,-0.569892955052581,-0.0694025356453664,-0.0521696748327214,0.173411861135634,-0.211840713789181,0.445388876394051,0.14114285586454,0.209189820595124,-0.180207221527407,-0.214602986572802,19.99,0.0
3390,2919,-0.505187120890263,0.97427477544445,1.67206797236432,-0.0898846228742504,-0.0645195769909703,-0.694732870060588,0.628090460287809,0.0477830185930146,-0.724202509236136,-0.156435311591182,1.54426512680572,0.902888982768954,0.280149225519691,0.280125579393685,0.094100518075481,0.318490851586838,-0.590474201677606,0.0347853546860232,0.222682581204423,0.147833476254353,-0.152042876865991,-0.4171196761639,0.0078638119046962,0.525530810967105,-0.23489201627831,0.0396927051111983,0.260710933450953,0.114846316803366,8.99,0.0
3886,3446,0.0024658109073214,-2.24761245536433,-0.327338056769201,-0.587474313207382,-1.07610235915357,0.178111938673842,0.340941494461947,0.11450380578915,1.09048283720657,-1.12916806159829,1.83426814529262,0.944089339856806,-1.06823702538655,0.891961267434316,1.78989182080675,-0.645787278684861,0.104259338645696,-0.10978208796626,-0.132171707092247,0.978557952841007,0.394651700194864,-0.122245726966409,-0.478757055832774,-0.292951600088888,0.0984427462382836,-0.78566404985078,-0.02949662875076,0.113824071173021,600.0,0.0
3429,2932,-0.416941521172218,0.523771274364008,1.1671154972658,-2.08277565286596,-0.0465836434811359,-1.34390517321369,0.94092393163108,-0.196589231810693,0.859889401400439,-0.922981061682247,1.20232188410521,-0.0732370002942741,-2.31818134370247,0.682846453121472,0.38555820397927,-0.351211674553856,-0.633694580991559,0.714179671095343,0.124639877793158,-0.0923641476076986,0.102784258494002,0.542523914127511,-0.259462982724136,0.487049714147816,-0.0512207307492335,-0.862915578122235,0.222366539008786,-0.0260446604295271,1.0,0.0
767,575,-0.572263018619647,0.73174824277354,1.54125421158446,0.150506094202403,1.10897408964332,0.372151600635512,1.08487947576849,-0.146328951186142,-0.274446612404528,-0.663670138260794,-1.1848126789841,0.489481657833689,1.0512764657842,-0.592285866590834,-0.664236059689141,-0.451183849119144,-0.418160459541467,-0.78599852616278,-0.54711924428627,0.0565439217042411,-0.143508127774855,-0.10758177384538,-0.418263291600821,-0.731029406539506,0.877524964623133,-0.364150377608967,-0.177508745796918,-0.256544940446096,26.72,0.0
3893,3464,-0.493906681945668,0.450134696639865,1.73265034979577,-0.046726183475947,0.0072829049985314,0.584876110681689,0.363987401593342,0.284447010759435,0.108552279748495,-0.747534814463967,-1.25150522374638,-0.304812911307617,0.127068977022572,-0.221807530018373,0.990031808869391,0.904536067289032,-1.07411408273274,0.281931509765127,-1.52964862202912,-0.0316833770513818,0.221412081019416,0.506079198455493,-0.0211529216708622,-0.806112019328339,-0.103929564794982,-0.478681414209576,0.0789099764512079,0.0559647538519906,79.6,0.0
3093,2652,1.03453060934703,-0.570048864022516,0.664283078843716,0.80029605418205,-0.874872128632751,0.155035774325157,-0.49664544989745,0.240320013550803,0.977471635395085,-0.140265412513632,0.15637778156602,0.336006082839708,-1.72049586582439,0.0264706556776062,-1.38688784000535,-0.105468247871683,-0.01752606700572,0.173619452267421,0.760516251231811,-0.0525664732389631,-0.0875842817706527,-0.198501568983222,-0.162915184833802,0.0338190746349881,0.44456508874318,0.528263227245839,-0.0337294272792452,0.0093652660405763,82.18,0.0
274,194,-0.773295861622834,-0.190661402386917,2.40494626076765,-1.79988075414783,-0.396516457943764,0.199217657669888,0.257805624374725,-0.341961661770583,-0.0697277302262612,1.18136747122766,1.46525144315635,-0.105116481076934,-0.232535810945632,-1.39711897869781,-1.21718188021664,0.568078153640152,0.0365881826167954,-1.27257087233288,-0.0902117416076871,0.436142396797157,0.235139826433439,1.447800396277,-0.320606648031116,0.271029137914952,-0.0682992709357898,-0.266823197743011,-0.12705897602667,-0.392033031697852,32.77,0.0
3260,2809,-0.458401633880299,0.640322549899138,1.18620199650412,-2.15484980561988,0.343624818770396,-0.819318786029609,1.017595045611,-0.187311428568668,0.5114110449654,-1.03398052068142,1.81159574219784,1.22286558314346,-0.0608837793150607,0.258000715117033,0.387676830240433,-0.750386709784698,-0.485557729074826,-0.0140126843973738,-0.248994569432798,0.021781324301663,0.156569932251072,0.843346663459851,-0.257312987178562,0.237944619793184,-0.0469629651487914,-0.840829537404729,0.253735109792371,-0.024568704165862,1.0,0.0
473,348,-0.343986366495033,0.539788565141525,1.02466150982501,-0.371898822956345,1.03733561321496,1.26184919569894,0.473408900938114,0.227169255426177,0.248279161338581,-0.0862360584623006,-0.610694671521748,-0.0418011808710052,-0.574872287462479,-0.272977401965665,-0.883190116353796,-0.15081115980762,-0.574980846102997,0.273888176262025,0.918283172517831,0.140562045043375,-0.111901146421427,0.170231669360986,-0.415083386642808,-1.65955301313605,-0.0548493515987949,0.455437843849396,0.201537868636032,-0.0542356178459458,3.99,0.0
1474,1152,1.22392014935029,-0.868736062665192,1.3232322477922,-0.509427775712268,-1.78969521820168,-0.450867278187985,-1.12125339749158,-0.0423444967411524,-0.393334163855121,0.564371784086396,-0.395591105430535,0.443342549349851,1.70011767793999,-0.620303243214151,1.38510096017983,-0.663895475586384,-0.42207651482025,1.49369845872476,-1.20061073716476,-0.257827216693311,-0.117075004502586,0.10797569186869,0.0132864546043657,0.452826330753871,-0.0223500555022505,1.10510980500986,-0.0048079413688803,0.0395060490163265,64.2,0.0
2957,2501,-5.94848151780053,5.57323926143616,-2.9320611588846,-1.45030673759756,-2.52196431675486,2.6416573384552,-10.0455404650397,-22.7463699851069,-1.72655903842288,-5.96210897177445,-1.11945472009639,3.77483725309833,-1.21573163612051,4.19701037812223,-1.05925929618841,0.541702336576404,1.54032942570362,-0.0557487739705901,-1.58191296864469,5.59347097188841,-11.0925646207091,4.32755208575265,2.00921386535865,0.774036357690154,-0.630253073606555,-0.99863617569462,-0.03104943146319,0.518083181219281,7.5,0.0
3948,3567,1.44947379152213,-1.24047124017674,0.33830182438263,-1.60759754618423,-1.3795535073979,-0.135551923387586,-1.21681250346592,0.0687233666931224,-1.79953703662949,1.59664021499356,0.367048638533667,-0.941522944023221,-0.375063299378997,-0.0322092495474534,0.22483845364405,0.298654881863772,-0.0689452991741361,0.806755754671517,0.35691957474855,-0.277600391483082,-0.361518666218945,-0.847433391489996,0.0454559447410108,-0.580145266374155,0.165755339932341,-0.376410568305892,0.025280199410917,0.0151861884727589,48.0,0.0
162,103,-0.94089283998755,1.07415476403598,1.75939808911823,-0.601445606762116,0.101693491307097,-0.188519562882799,0.455755574843192,-3.46068233987222,0.44152478035891,0.917818019602551,0.877285383147595,0.338268788318739,0.646250019568957,-0.828662236334628,1.46495178250051,-0.915166509111332,0.171665239642358,-1.05413345658208,0.276801460398185,-0.209017984434795,2.27006905329443,-0.143518425457465,0.153907528940753,0.700926779396507,-0.413235123170453,1.37403121107089,-0.996161004289688,-0.836300917104019,9.99,0.0
1583,1234,-3.34427895495494,2.6192401397651,-0.644419312776579,-0.049855454521913,-1.55657617489228,0.35831013884662,-1.35313537386509,2.60280121746252,-0.326493236031706,-0.281205606935066,0.586549426787554,1.54887284700969,-0.48744953389046,1.47251462503236,-0.683089652410926,-0.247010984999038,1.20529567291875,-0.754554200928463,-0.190228690163163,-0.0615634437253721,-0.006966916362918,-0.125559615341312,0.164105856797488,-0.289734358524949,0.103049515660113,0.312518089712578,0.168045589467503,0.0532422537934065,26.21,0.0
3276,2823,-4.17725135291972,-2.72332339895914,-0.163842010939811,2.46573546304512,2.29815466453262,-1.83543686014228,-1.07028360558921,0.0141055240333668,-0.168861253321119,0.421372942981482,-0.32179529285899,1.2358364043337,1.54553987524146,0.22689803585001,0.681653509033316,-0.867896582310238,0.534935855525976,-0.885856689631536,0.704290282898802,-1.05198857286501,-0.0755006669129395,0.424163638562499,-1.72333667675408,0.3458987074604,-0.846412421938341,-0.31793051273085,0.0994559699716825,-0.0462789932274912,8.0,0.0
551,411,0.238849265006397,0.241701891642487,0.369160517114791,-2.12404122740141,-0.172507581507829,-0.838344862229908,0.183133472976724,-0.921449249946025,0.517945477228418,-1.21503784918733,1.92025650039634,1.44127412040446,-0.222390940908257,0.769624357692187,0.665069188986957,-0.776718204254204,-0.0366601687075306,-0.352461245226436,0.241211828520132,-0.268390116771408,0.846543762084254,0.0473652477986407,-0.162209811997851,0.284052803325962,0.77300432187726,-0.0348584762343811,0.153185472922438,0.207923528481533,10.0,0.0
1077,823,-2.22012396729771,2.52245660531907,-0.219904855475418,0.516665051210911,-0.202546456112247,0.940742805841447,-1.19331265032013,-3.28354421167117,-0.198646072938485,0.0937032091177728,-1.43501148897995,-0.246083532253129,-0.726153369837154,0.980985567659662,1.29929254175496,-0.166370200309653,0.371468035332982,0.143836274922,0.314943310276615,-1.06966235591557,4.00392084913703,-0.901312123923554,0.407891086453822,-0.84750630856962,-0.157341352742948,-0.268753708025535,-0.322953015711705,-0.16747318169587,17.5,0.0
1060,805,1.07788325442774,0.0773615637088529,0.794272190277717,1.37359731735208,-0.355797256543877,0.238951285702831,-0.222875331204297,0.172581375154699,0.176570733362102,-0.0174773807427638,1.34046996348457,1.62089410643488,0.322497909484524,-0.029202677701932,-0.960707571425387,-0.559474406806029,0.0627240388490798,-0.487011083093523,-0.18873696994473,-0.139348488906283,0.0220402239460097,0.325054841570719,-0.0716960277920904,0.256368059926657,0.589476374389706,-0.301276664544235,0.0557483372997309,0.0139172161562075,13.0,0.0
1042,789,-0.621997558739093,0.708565687644093,1.16429783850241,-0.519193639735654,1.30110414205082,1.18701650262083,0.808997847579774,-0.0400029343195491,0.295740427199992,0.393991111601353,-0.260234587513785,0.145287480459522,-0.0413691906674242,-0.542868123807526,-0.657167408896176,-0.194431002439562,-0.755586069869676,0.0107694717116454,0.952938059707054,0.372203930304191,-0.362588107488443,-0.343588627364324,-0.433741486108048,-1.6741972448328,0.105720423047551,0.30752915031727,0.124882651490906,-0.248515675743371,11.38,0.0
2524,2093,-0.445346060930435,0.49200027515948,1.05895412286716,-2.18406488823783,0.268056863620897,-0.748360350512328,0.87944877864847,-0.0621233394843128,0.824020846914117,-0.975778048231959,1.29122634074837,0.10644984938276,-1.99620191018259,0.637977873939012,0.619028862002772,-0.597859157347745,-0.44776375286922,0.295035606008159,-0.158073605468934,-0.0978534322695718,0.120364841572286,0.643972760346082,-0.259105628818375,-0.0222673547581577,-0.0861843680471133,-0.821453676330556,0.240577798017924,-0.0308908834661883,1.0,0.0
2104,1617,-0.637114346744767,1.0869948343334,1.11612047402284,-0.0150993874186422,0.0139876703789257,-0.578303870145923,0.506882842455444,0.175424969178993,0.0635662551896471,-0.196104410497875,-0.271235599584425,-0.934193470929674,-1.68646763169649,-0.1153951128211,1.35918489030986,0.154854797644729,0.379525692022627,-0.383547424553938,-0.467728931665091,0.100188315325292,-0.286148106993902,-0.744649890210686,0.0550159248366102,-0.0298196785896221,-0.240060544964892,0.112256030792825,0.355397438295033,0.157716439457195,8.99,0.0
3264,2812,-0.628115398235404,0.364358712776912,2.14747418621902,0.0156015910599872,-0.378201187060605,0.798599975646279,0.120881827791759,0.219953609452366,-0.0407463548624869,-0.583601635231064,-1.71040564306345,-0.644698056991601,0.669344553279227,-0.386031596818435,1.92741394291321,0.889713945432125,-0.901895118055939,1.13530800763646,0.812374727548389,0.3856599923032,0.243373794904004,0.572607859704616,-0.259820321328828,-0.951589391703569,0.245420425568729,0.793208292042613,0.0377674684705298,0.0783803805575292,99.4,0.0
1193,926,0.829997879830726,-0.611410890059371,1.03535132670995,1.61556881737633,-0.283093604510442,2.14699373515088,-0.830777594266386,0.824310630758532,1.47853467118262,-0.54119747906481,-0.647801094366579,0.404051811397054,-1.94692556493483,-0.312814342826509,-0.680031897195273,-2.036502499475,1.79510146768744,-2.63750878846046,-1.0244922531739,-0.307997615008972,-0.30938753818888,-0.500547640604333,0.154323747690393,-0.996832284087197,0.108640363999306,-0.411157616877137,0.125289912196159,0.0233695924700216,64.99,0.0
1947,1501,-1.93042237440114,1.77878225295363,0.41140242090664,-0.86949955948131,-0.615354195926425,-0.534364818050814,-0.149128848024171,0.955953030234192,0.0370043239219923,-0.0857106857967962,0.341391653352553,0.702622928328975,-0.662848032708768,0.613952990740271,-0.941295084704021,0.487190846731015,-0.318450337975144,0.122754175999029,0.128814888024382,0.0149515592243384,-0.105609027683367,-0.447741310611398,0.00056248825876,0.0062153542191091,-0.100400920398693,0.284431283158477,-0.0264127577407217,0.162982725365878,1.0,0.0
3553,3037,-0.302520690013682,0.447473606170949,-0.495757487926775,-3.21479928170564,2.70504105264306,2.76243958474878,0.593846555077562,0.556451025514572,0.697719595505647,-1.09018090617913,-0.111087964243309,0.0626523474576219,-0.238457031495562,0.215738138536011,1.06935589341597,-0.255230524748655,-1.07208498526811,0.485110431510628,0.271314885172261,0.156089011075005,0.0073428026657956,0.250885695089417,-0.331599689403957,1.00995227965779,0.233730179901549,-0.824470557380348,0.241305212556617,-0.0203586378568534,1.0,0.0
1213,939,-1.74092420314339,-1.38468183366333,1.65253850022526,1.00817559126902,2.45600092073641,-1.41331077661742,-0.886462649779828,0.129284539101441,-0.615928942029601,0.0806234668453262,1.82355051958486,0.725806911359894,0.174949500881042,-0.19391222134957,1.05871656761752,-0.244614916749222,0.327007373005876,0.0855622659885363,0.879839783359483,0.729109389481157,0.0363753995724566,-0.363400098606328,0.409474570866387,-0.0212647659678909,-0.638323790502727,0.149974199519547,-0.105079208582907,-0.0342293939482499,0.89,0.0
2507,2083,-1.70702287300545,-0.60662676085324,2.6493671852191,-0.602398093532508,0.111118224188662,-0.560322341740763,-0.44813428154348,0.269176573559043,0.779376278190585,-1.04436816331923,-0.59508709913005,0.125422788121033,-0.8983254445473,-0.541676245215211,-0.501809045118553,-0.310446844485814,0.359186301150333,-1.03636519118456,-0.457523472369958,-0.287503293916263,-0.171444090085504,-0.303205528068832,-0.232526430994892,0.484747817896241,-0.0165446603078117,0.866950950880257,-0.0075122170288181,0.0187483215851861,47.93,0.0
3761,3254,-0.580927902213294,0.232184524294368,1.34977376200131,1.7042543762174,3.93233064762696,-3.13082209062838,-4.43605300356172,-1.70288818401934,-0.192494753540555,0.947778932966571,0.53448938320603,1.45909477936864,0.590644733409812,0.904826847043273,1.37206660855731,-1.23005844011095,0.817022922752515,-1.33538297908449,-0.109830950555831,-0.62471986977602,1.64491460446864,-1.1473027297057,-7.0281159511828,1.00952516563596,-0.595836554456194,-0.250620789739769,0.551337308797741,0.432925110249277,0.89,0.0
2219,1749,-1.04824936325569,1.71296718504808,2.02062714985778,2.64522927886414,-0.446933079821766,0.275580271191352,-0.088427025107484,0.677004811945569,-1.68930909284585,0.81888029491146,1.01048456573001,0.104609392825462,-0.368146289096533,0.724109931720449,0.810162941629677,0.487656990204998,-0.113067341410362,0.625370283866644,1.11475005114667,0.153242218547792,-0.0925248825641728,-0.438923001117233,-0.036586130366389,0.271275257949924,-0.0915249860484615,0.0185186553199519,0.0712080927548737,0.0805998292089029,3.03,0.0
289,206,-0.370562536427162,0.599809964742777,0.216683001924491,-0.513092692514376,2.69714255452095,3.8827953035269,0.295544670150552,0.850059083378915,-0.297189191664397,0.191989943288663,-0.92547106698343,-0.369425197471302,-0.37779356544173,-0.493814117611803,-1.48133578973935,0.68436226960677,-1.04820515490823,-0.256700186442455,-0.859905688517386,0.113889610396822,-0.147919656951469,-0.176213673512937,-0.120574834850702,1.04229749281523,-0.391704857407862,0.675404596861299,0.163594994459003,-0.0049965353532593,10.27,0.0
2797,2348,1.27131938984575,0.357518549392227,-0.0528506051227534,0.436750974238039,0.318147765682426,-0.0967705566052114,0.0641421709685973,-0.0718781959643036,-0.0742729119943496,-0.3571164965077,-0.415296794175765,0.606773116798877,1.41338641576188,-0.520305360935972,1.29110192488857,0.381413123748878,-0.092778412445096,-0.603962399164812,-0.24767740185898,-0.0155391581829247,-0.302466015643098,-0.783862808903064,0.0415280321966827,-0.778068786780798,0.290890638815099,0.172546825111385,-0.0009315983147269,0.021328064689172,2.69,0.0
921,694,-1.10347715032214,0.884662139102542,1.26371512592205,0.0138296479927551,0.0022557150293481,0.567397131166659,0.0237664411541668,0.874276605889678,-0.415306689944426,-0.611284273402158,1.07982270100847,0.874628524526517,-0.739479570743435,0.497193872688838,-0.593233699838346,-0.667072393643344,0.572112208105542,-0.832721716299611,-0.0524867581632022,-0.0577639145103122,-0.0284209736404479,0.0065772872962252,-0.0213117922246871,-0.277893095391552,-0.185343231800307,0.284356451061041,0.217632552669476,0.0785742497373357,17.24,0.0
3488,2984,0.788630180506519,-2.17595893147344,-0.318478812875473,-0.882452556898389,-1.74007731836962,-0.919010541545099,-0.186807760531334,-0.400544824927686,-1.82240761938872,1.21728851208858,-0.756280913391887,-0.887022035558158,0.148875213131969,-0.222185699540368,-0.312485980560227,-0.918478683924607,0.900653998878326,-0.213656299240025,-0.0674531909979166,0.413635935022646,0.0201066025235262,-0.305779565043174,-0.421590488016225,0.402235579253033,0.529252215216882,-0.103503319846436,-0.0577909984696386,0.0755069077120083,398.0,0.0
527,391,-0.829932199150855,0.430250426288754,1.3037076726496,1.04055937115489,0.822209790945024,0.844830135248345,0.589865274641566,0.0457907435900726,-0.148644570189748,0.310522866846856,0.178932310526362,-0.314635572366816,-1.51005928782656,0.18233120793819,-0.157713526599735,-0.783954373578739,0.0373907611680013,0.242676948994549,1.44209294812507,-0.0588157812103496,-0.0751789705110257,0.0960381661730585,-0.139414587240587,-0.859739201249434,0.121235410228106,-0.204961889048451,-0.292247194199781,-0.0589955070930744,27.7,0.0
3621,3096,-0.249963858038974,-0.371521414460744,1.41013249484751,-1.12691882626547,-1.21916742834127,0.878292678312879,-0.493258451169759,0.146646295295938,-0.784497348038447,0.740513255784377,0.297642264521434,-0.476349186620425,0.878356324407303,-0.731042266067186,0.815983121174989,1.94313586426292,-0.565119899141692,0.430805632979584,1.56558251390451,0.147753002401068,0.499964928480349,1.47264989645293,-0.0403435786101666,-0.785060941722772,-0.361565676582722,-0.0050494873421237,-0.0757942161350355,0.026576262424291,119.0,0.0
1369,1064,-0.457110799908583,0.580061922020511,2.16752394533271,-0.685630327349464,-1.14903014001713,0.0615001384045329,-1.48121193004432,-2.56318314834487,-0.0328100338752554,-1.37527813295204,-0.334708487530673,0.814592611642793,1.00111214163209,-0.0803273669925684,1.06222736047323,1.24589017248988,-0.765076581856793,0.12581319691706,-1.25734412650372,0.695469687780177,-1.08845375749631,0.848251496848678,-0.233580635446308,0.493453881006403,1.06910515734596,1.12948308380054,-0.0491860872662048,0.172375508665291,16.9,0.0
1969,1512,-1.40229259528783,1.34162654939705,1.05611800157745,-0.737063767550137,-0.614780339479531,-0.826600413169889,0.174505153332071,0.615559515612641,0.170223796407433,-0.0551056459801059,0.798347372910679,0.243952269369836,-1.71704100169188,0.578431786038361,-0.857167715872277,0.278117324463856,-0.228983312289546,0.0348536272966402,-0.0653791101130822,0.0678083113094339,-0.162745617713349,-0.407579771082004,0.0123772404010477,0.504105513388634,-0.201198952882153,0.279388635981475,0.37398700154856,0.227843284703982,1.0,0.0
743,557,-0.332048620578845,0.31951083691668,1.23483403396317,-1.84305219945025,-0.349018053344861,-0.947157562617724,0.238728769756772,-0.0684518930682907,-1.05142432320022,0.217332547487083,-0.930288368371672,-1.2586413016837,-0.422576615020138,-0.231607487566394,0.0985322704101386,1.38085539435192,-0.126894602847754,-1.1122177471412,0.0443017623925542,0.131544411097264,0.184122336656303,0.506399596561148,-0.179404877734745,0.0140473942116856,-0.163897281965096,-0.388107568982296,0.362960838832446,0.200999415687503,3.95,0.0
3839,3374,-0.304958658994891,0.666320706110024,0.565004148982076,-2.47481921159283,0.942674515816546,-0.38836425065153,1.08017233071836,-0.240988160501834,0.581759693375379,-0.995432043751184,0.237702519549058,0.764049209086778,0.500324712303127,0.0826305401019675,0.220708850755812,-0.0145468435054477,-1.34756338684485,0.912148909905684,0.696810125125413,0.121343043513633,0.0292313118750694,0.462956887478383,-0.483302987062918,-1.00937312269993,0.243562775882471,-0.774474872628376,0.236951957873241,-0.0364372742293632,1.0,0.0
3677,3141,-0.58602506613647,1.73457886673837,0.374686034716963,0.786270907260218,0.310079505282469,-1.16543519815382,0.648176970899526,0.202294991322755,-0.977976591821622,-1.36248061077257,0.0083898183805261,0.318378847794717,1.01710334124259,-1.35037174995004,0.719082317043944,0.576799306579626,1.01544110116919,0.660720905910243,-0.497541189292224,-0.0861309087333204,0.0589649868910363,0.120066444900451,-0.239991970579139,0.274436755174454,0.311169694814869,-0.368989168246136,-0.0565713724026712,0.0027509953830294,1.0,0.0
1386,1075,-1.00538148177702,0.0346184430473839,0.59585440113671,1.33232383129342,-0.321433764465787,1.13384858083086,1.93802418038193,-0.0214976261373633,-0.553668742370403,-0.46646527297279,-1.18185410944717,0.388194503685125,1.18946564665342,-0.218294908250034,0.180870981394186,-0.951853258718275,0.232537601417951,-0.394978646225838,0.939359342943679,1.06733702957744,0.148161238657666,0.180382943811596,0.622064808994823,-0.769105565166396,0.215857275895709,-0.186751721943405,0.30360827592157,0.22649158709745,384.11,0.0
1284,993,-0.466889397019551,0.71935177717379,1.09264991151511,-0.884826554854615,0.708279335106079,0.0462682173955837,0.59586364518524,0.208501965309112,-0.382577660647999,-0.515173793799291,-0.315500643334781,-0.672393720549463,-1.53185758086477,0.59229273432228,-0.040153943142433,1.13686101386477,-1.32129512662843,0.723262114532289,0.139669824793615,-0.179254106621778,-0.213835950822741,-0.823790522535139,-0.193135405559559,-1.09853410637472,-0.23511371771552,-0.0162158952015337,0.0416844217104954,0.0962390079468468,1.98,0.0
1790,1392,-0.969932071798346,0.80820330999872,1.66804225128608,1.11679746771715,0.528043711749706,0.542457335040547,0.358496868236438,0.228694372163046,-0.533509598861747,0.0170018596346496,0.710542303211696,0.297777045224297,-0.91429048604665,0.290516838128008,-0.252316541666526,-0.916060273146565,0.341432914528924,0.0002854151899363,1.25793155157337,-0.0193989919131113,0.0122166983662549,0.0785643563688624,-0.345593615044742,-0.298420741966321,0.426561355470454,-0.152631788587598,-0.210270044230106,0.144746683003927,5.08,0.0
1348,1051,1.25209207492102,-0.0233760658529355,-0.421296672187823,-0.190476017282808,0.088894803829062,-0.594562992515364,0.274527379903391,-0.115958342907336,-0.206115511376,0.0569533821595043,0.651839633253362,0.212157796705457,-0.783746573078263,0.79595055474709,0.242994127918587,0.509871603195749,-0.670302999968644,-0.121732473906244,0.872389089254262,-0.0187178055140416,-0.372271737008452,-1.26941122126883,0.0122659104180182,-0.496794535568147,0.245733166953458,0.737275479089961,-0.125021639383506,-0.0142138904285934,44.48,0.0
2834,2410,-1.73405549873432,-0.0841874962153645,2.98523688598029,3.43262538277871,-1.02015760944431,1.69179402902762,-1.13596105115803,1.16356333652383,-0.165845814065347,0.181345296345,-0.262164058930738,1.16240375212215,0.694676155022828,-0.893111085595625,-1.85397152866555,-0.238203778420979,0.515083873266664,0.910707489180668,1.64338015126447,0.693491028600621,0.291365533618655,0.865254426458201,-0.111067371927332,0.078588060544308,0.332259274477058,0.544855028765631,0.272805941037254,-0.0156640375617081,121.34,0.0
2652,2187,-0.879468130835586,1.01055105363976,1.39204471203384,-1.28555053746903,-0.350980287871388,-0.846060326780004,0.436284558362191,0.101182725806412,0.475171074691534,-0.085721465682752,0.0803295025115701,0.143735187637642,-0.18968539072634,-0.152449971172872,0.786516487833228,0.226074321759754,-0.307506618972451,-0.946559420753785,-1.30211141131935,0.213989712404712,-0.119343123495624,-0.13787403057831,0.0662951285633138,0.430078885199212,-0.271869664890769,0.741731712942271,0.40225280884682,0.191646311837936,3.84,0.0
1056,803,1.15202106882487,-0.404515747878639,0.864618212749035,-0.026720928470475,-0.880554484401592,-0.11235126785164,-0.545992547827053,0.0460779625295413,0.823252397471286,-0.429078906929864,-0.283736620134503,0.947178454311827,0.935763346153016,-0.539260118330585,0.314937234956805,-0.284662177623277,0.240989835259153,-0.97310616395357,-0.113130696164231,0.0261505245897672,0.0742254069582154,0.452291714951135,-0.061971716129446,0.226043681379293,0.218101749191257,1.55623644483581,-0.055841089243312,0.0062088074629497,34.9,0.0
1471,1150,-0.278272337016352,0.672976953125337,1.64367968005763,1.50450877977809,-0.133192840791801,-0.468036647809162,0.972307621566258,-0.307996527534253,-0.581086931010544,0.143307725853362,-0.440441245200252,-0.893867968753106,-1.0080687810834,0.388538352149601,1.87133385886503,-0.684972647136058,0.179331455687657,0.340718798288737,1.42082257922208,0.344912865574539,0.062418249695941,0.205906654350679,-0.153811754286559,0.374095916180891,0.424720562535512,-0.068195142161527,-0.16054877850236,-0.21425748041018,82.25,0.0
510,376,0.89405620757263,-0.0310011882758798,1.51466468447078,2.58727618822553,-0.222692610162726,1.98777211659919,-0.922106337449837,0.782939570518592,0.181509785104822,0.318344690165392,0.168810156475924,0.253735583728091,-0.832725751633196,-0.124440102086123,0.845365228644855,-0.703991352259176,0.949885718706769,-2.15762370391804,-2.51442027279542,-0.335482518755605,0.0528188574586953,0.394703473965313,0.212675942347207,-0.654427783273901,-0.0896334629065976,0.0660536356477701,0.107787401485812,0.024675576432666,11.39,0.0
2963,2507,-6.20011365114338,5.02540613543806,-2.74249204006732,-0.940902709363354,-6.65625868406201,5.4322940027945,-9.19817494731319,-22.5885467650709,-3.24429523067372,-5.45333914107993,-1.58229246024541,2.77141495358424,-0.79430335889842,3.18965086450565,-2.35985894746037,2.8257930150028,2.12612840534929,-1.30354211425936,-1.42957061269798,4.5929085315916,-11.2352664915478,4.3938456580686,1.94300233426459,0.846005260558057,-1.3433793456588,-0.707633951620868,-0.210218592136509,0.0665291491040104,544.62,0.0
2075,1601,-1.93063747169766,1.71879083218524,0.391903653484975,-0.862775719274206,-0.686370740769606,-0.550843017313899,-0.205290333280247,1.00323716543766,0.16245988317273,-0.0614409538516903,0.195559744410024,0.261470620008073,-1.48791983777842,0.778013101339978,-0.850258344772221,0.527556616555956,-0.273263185751966,0.225909574080615,0.136482705427433,-0.0377937095971435,-0.115471240074507,-0.516413932057894,0.0097917307941833,-0.0219566869578577,-0.127610240333514,0.287543405383973,-0.0318200751767468,0.161152395163317,1.0,0.0
1270,978,-0.423328752693031,0.547529592462995,1.24996363792537,-1.28843639945971,-0.159431336118032,-0.425806984942947,0.294704167256985,0.217634898095672,0.730466549256968,-1.85591377771037,1.79634607224528,0.803910844541164,-0.791761723854964,-0.950649031837495,0.546119878950653,-0.552034549065954,1.02638529199855,0.749715684271824,0.49084701525526,-0.0644723869343217,0.10558623292328,0.483012033985027,-0.213577333453729,0.127507356493685,0.0693481846525643,-0.666137389548171,0.145364974365457,0.0816555861459028,14.0,0.0
2510,2086,-0.897681618748483,0.686496648156214,1.6107659346784,0.076563093723335,0.162220247116642,-0.741799877703208,0.570639036613385,0.0045382262541278,-0.361915662744708,-0.23824053105079,0.162704133216839,0.262020969579953,0.192447605587669,0.104292976122006,1.08362841737022,-0.19621758983989,-0.0246326450993567,-0.92990842889369,-0.438369930482049,0.0154610619603983,-0.179801081619136,-0.378232717696444,0.339050752625547,0.380918435774521,-0.241700517495623,0.0791756676780635,0.187103065321904,0.0946782260110025,8.99,0.0
335,246,1.31125848597963,0.0750277698378955,-1.29283240438097,-0.483154333322344,2.13925691147085,3.18156392418142,-0.505045118080414,0.804860255397576,-0.0740708327536128,-0.217425555587175,0.131576212856055,-0.0281461490526148,0.0114597895061909,-0.112921113636626,1.30000713848075,0.812807414825297,-0.495483473241714,0.166473111833407,0.175176223606628,0.03273412430411,-0.342676244682858,-1.14850355673892,0.0952788160385239,0.946121234133879,0.369712916510377,0.110625671340742,-0.0218366061797577,0.0236383775739503,1.98,0.0
1358,1055,-0.13005943460873,0.902067066495203,1.02770174389175,0.319854514259426,0.354715638825061,-0.416394086639551,0.536939473887405,-0.0303845224957902,-0.461501161723588,-0.520121295908911,-0.980264093027387,-0.658730753175687,-0.173013443124206,-0.307857110733836,1.40043283820499,0.419337615076784,-0.0170488894274608,0.279241511827043,0.900993227893149,0.0825516442406165,-0.279109806110122,-0.873096105759838,-0.104909201149,-0.523470364628967,-0.0719639417084118,0.231711165462303,-0.0172169323722021,0.0019537545052224,9.12,0.0
1398,1082,-0.661220773309871,0.338485862090566,2.1784220216619,0.223378801964164,-0.443082146725118,-0.0811220993737746,0.267818029812042,0.161769091088945,-0.18840824613315,-0.551814052166288,1.04422922324294,1.20315592268535,0.550365661584527,-0.333719911761441,-0.958495677821114,-0.0336468314554865,-0.316309454327541,0.376008894250779,0.318156466131167,0.156659152873167,0.283096333841086,0.879150231341661,-0.0811515584624318,0.613355876034291,-0.18430246635775,0.403754163848124,0.098521489272432,0.133891901409752,59.9,0.0
3396,2921,0.890646609980511,-0.840638357875768,1.048072659056,0.251983774088937,-1.2778812473158,0.170230862064334,-0.786240187298591,0.334141878384577,0.814233745250652,-0.154734862765152,1.31079188554791,0.465067884849813,-1.28400422203513,0.174106596518364,0.388874613988798,0.285563444156271,-0.0738797615988763,0.0472646975291112,-0.233462641639274,0.0724933589690306,0.221872663305231,0.459196896758131,-0.0759726745793847,0.286658555650298,-0.0054830519300604,1.10003492872191,-0.0537117088143768,0.021762936777724,127.3,0.0
1955,1506,1.23856912861393,0.207420213502931,-0.0224400483036978,1.05219550163309,0.341801477310109,0.351660361396232,0.0697595122826276,0.0278491086845579,0.0152213749130411,0.0687178339787943,0.0099755652383045,1.0980168161149,0.664774471741395,0.0348072416091605,-1.0332701829902,0.0752316927699808,-0.726465631619402,0.266443080924004,0.713700573961531,-0.0587825761814048,-0.143995373897395,-0.220770274380625,-0.260700092115677,-0.81112354449791,0.881769161879181,-0.289688794586744,0.0215598812803603,-0.0004758883787444,12.99,0.0
34,26,-0.53538776309446,0.865267807575272,1.35107628772237,0.14757547449791,0.433680212077009,0.0869829381161816,0.693039311115721,0.179742260742556,-0.285641861230583,-0.482474471178567,0.871799580440785,0.853447434991487,-0.571821891415037,0.102252103048142,-1.51999120265821,-0.285912497081499,-0.309633386824141,-0.403901992939884,-0.823742994489464,-0.283263782156003,0.049525686687599,0.206536543024476,-0.18710806982075,0.0007530142574977,0.0981166059546266,-0.553470968822753,-0.0783055021726955,0.0254273775211197,1.77,0.0
1294,1004,-0.556703611375114,0.239967501717581,0.754324745177452,-1.02434198465238,0.617849415860613,0.56090183780969,0.161715355326755,0.111242029194679,-1.7907599695165,0.492547680252872,1.04280425157107,-0.0087722086305681,0.831598367444403,-0.0221098834945539,1.51210553986735,-1.06923041958086,1.90517987989718,-3.5100290691644,-0.228955530739407,0.0308097959974501,0.493640855218528,1.49578132800147,-0.0614858345880117,-0.563573616169497,-0.537783602506405,-0.0161902645173767,-0.0600909265242547,0.181052096588868,10.0,0.0
716,539,-0.42004980312015,1.03464806946405,1.56584979052484,-0.0296434688544165,-0.0543358267364858,-0.907982628648045,0.688436382071916,-0.063127682085749,-0.389635387564413,-0.3085944035763,-0.40750143883786,-0.0626280782951625,0.0075949309289532,0.147237047583467,0.851449746995373,0.200169025507272,-0.392963058951555,-0.348189332324892,0.0161455911981186,0.0958689574053304,-0.2282818244928,-0.598231411800191,-0.023080755555517,0.360198737573089,-0.19431581598449,0.0716399808129816,0.265159253204323,0.121071416207367,1.29,0.0
3877,3426,-2.36198161446216,0.291889584672849,0.512896145964594,-3.63064695758635,-0.354358225354446,-1.60113188258269,1.21325608541404,-0.689295228930082,2.32398477065392,-1.33051356956127,-0.354858382904888,1.03574905939229,0.213922516151619,-0.498803451070108,0.110699751314455,-0.758502891682553,-0.577738322914007,-0.467168363234442,-0.157277694527083,-0.716714801557594,-0.16221909927115,-0.106988931165828,-0.356261088406753,0.429797996147501,0.237146370055683,-1.33855649786446,-0.895728771927294,0.696510201015775,106.25,0.0
2080,1606,1.23945580137906,0.225786488376393,0.404418323816638,0.422562688118172,-0.214611538710155,-0.46496597066334,-0.011435328389699,-0.0671652359801662,-0.271189628079618,0.0878454782648812,1.27449833432576,1.22650666492028,0.81216083293343,0.311991795534907,0.298416937165495,0.57181886326273,-0.824591223297968,-0.0024300481421352,0.292185327202449,-0.0360463792944975,-0.221056910218794,-0.650838186726725,0.0758291074708296,0.0068076070997157,0.249129711424303,0.0959223527698903,-0.0300595555001365,0.0067470015235106,2.69,0.0
1571,1229,-1.16166454555569,-0.343536021150419,0.707184199607113,0.391783762310797,2.1594494309091,-2.18731936337773,0.607561846471075,-0.680828048496475,0.159619752240917,0.536381007581619,-0.570715154800087,-0.345685256885903,-0.670058111069994,0.0990846829134367,0.110011906628812,-0.218345362280602,-0.804072982108159,-0.294107644747868,-0.802806737470207,-0.226845360578282,-0.0218867533612195,0.500651283791789,-0.324464888102337,0.417642907236786,-0.715884060958081,-0.678912206041911,0.190282472474894,-0.234855108044083,3.19,0.0
3490,2985,1.05389761713729,0.127196586772122,0.694226402011024,2.59799001843519,-0.276052744998013,0.353440884852385,-0.182850473144004,0.20678429553189,-0.275368649584103,0.699760347548692,0.20303364494924,0.183024061701092,-1.20973095994407,0.212407467614186,-1.45083456835813,0.444116108549284,-0.456714730145302,0.222340627562066,-0.208084610646307,-0.13658667537667,-0.0363632700451627,-0.0960041676633429,-0.158184684604083,-0.0160952103712297,0.587353299225476,0.080102350787341,-0.0106912830707579,0.0118874740106541,47.21,0.0
729,550,-1.27419275865759,1.72226345235688,0.429337379732329,0.105931559077723,-0.732006018823744,-1.10786088663486,-0.0212785815819082,0.818795924791964,-0.447668787537702,-0.638641619345308,-0.587034043112428,-0.0782278435132245,-0.372871370074043,0.255231746117839,0.902354220989313,0.640600177115491,0.370465637496111,-0.0025962544547702,-0.127632128559322,-0.0196749113573117,-0.218749129900231,-0.786584415730547,0.106722098131575,0.313636660548981,-0.0836260028240843,0.0834942415379828,0.10963667908144,0.0182472118100058,16.83,0.0
2198,1719,1.1698060644086,0.188238108743581,0.400702714465471,1.39442534607995,-0.179356947023435,-0.190392707461985,0.0378836707764242,0.0078904020970486,0.35062176099789,-0.111892399648904,-0.603414870062598,0.320827678292371,-0.523983433273646,0.143230506389749,-0.0512531478303017,-0.705097381071336,0.285937666423049,-0.930626891675878,-0.364179815129712,-0.220988606372674,-0.107994513048446,-0.0870741923590082,-0.0548190081148644,0.0839822470866131,0.650956274039943,-0.311201316297572,0.0378327834470466,0.0147190516313125,5.64,0.0
3482,2974,1.23514684658555,-1.87961564106253,1.58803504630078,-0.962677177506984,-2.37779763738319,0.949714827740819,-2.16018805155214,0.543579557970241,-0.431885102581735,1.2055978786094,0.327715997317587,-0.243173027999251,-0.968250665848922,-1.07493079053512,-1.8376371062072,-0.979470009637874,1.24473228467178,0.181342967294892,0.150961585445774,-0.367850124574008,-0.125793714489265,0.294017293813768,-0.0238052055688093,0.014992787939272,0.207756436674178,-0.0328707278703154,0.107462362066143,0.0248019180740184,56.0,0.0
2363,1907,-1.37065940671404,-0.779179866939629,1.95007090229848,1.25388651106317,0.698669911859174,0.411538348137533,-0.389679441950933,0.409365592682264,0.126989855480318,-0.426380079882906,-1.41279962649268,-0.325739651660296,-0.0275790332312763,-0.210927742294599,1.13006293284152,-0.129164156341268,-0.150760274620211,0.4055646211781,0.29589736269378,0.558771859923358,0.3533330132936,0.666588034610814,0.179075370656177,-0.772127104968385,0.034107042537266,-0.106900872157259,0.113362389678029,0.15776430190738,130.0,0.0
3764,3261,1.2326505758622,0.506693121332967,-0.12564022355205,1.05084559735531,0.291365546901271,-0.705237220227169,0.528232307357526,-0.261472354669312,-0.400285245782926,-0.0218582118728256,-0.0076472669693556,0.714722310788166,0.753547507994731,0.43782767557216,0.848758392692682,-0.54591475723385,-0.0784520405159839,-0.914535790154467,-0.61704382956444,-0.13535476569366,0.0400708028860655,0.244230392736155,-0.125819595192678,0.116386508391271,0.805762447826544,-0.269444513149834,0.0134641909995082,0.0093738702874583,2.49,0.0
2433,2002,1.53531975109538,-0.983742019068873,0.437177875242399,-1.31829638725858,-1.6268347003434,-1.05768562516422,-0.981558265382452,-0.198080806204432,-1.70782708789499,1.47152388619264,-0.629866483233476,-1.35797255234443,-0.407372782249647,-0.129338314824908,0.664482442299421,-0.361051672226748,0.561114420887508,0.0661660538982588,-0.236510259718056,-0.404430755156374,-0.229832120063918,-0.291813554365794,0.0531579431006492,0.33723990740787,0.359658167124763,-0.202286377451701,0.0257305198535606,0.0175305203200933,5.0,0.0
61,41,1.1387593359078,-1.19295282747355,1.40713083554771,-0.330070103385594,-2.06950346000893,-0.242175406330976,-1.30663511427275,0.104510402617049,0.1346282320753,0.493931277386145,-0.8951875984556,-0.182695452453829,0.146080827117795,-0.586610838748991,0.797189022079305,-0.891720829484445,-0.0792078211726979,1.54158849386504,-0.983586179206678,-0.299307434385076,-0.156198371672557,-0.0305687768825267,-0.0197233842526695,0.433752601084651,-0.0295214595585981,1.14124130155645,-0.0086120603172964,0.0415638961546465,96.94,0.0
1455,1129,1.37809773551562,-0.700625946169936,-0.0879919042170977,-0.682125793229289,-0.846294957691219,-0.633675393223672,-0.521899619760572,0.0004662136160134,-0.646580394807666,0.813181237565311,0.518998378606385,-1.13863664969276,-2.3316282304557,0.439900150184978,-0.653367420865818,0.926571429319241,0.384072961546984,-0.775122057545178,1.23910497148511,-0.0535104525842666,0.161948319514244,0.345533208217208,-0.201013374799316,0.0051677975785129,0.719524938086046,-0.0562856888776748,-0.0311982370929965,-0.0121600026855295,24.0,0.0
1625,1260,1.2395588835505,-0.0294674181665412,0.0463518518225859,0.395402420806329,0.268560236782111,0.75097553116546,-0.233546651243048,0.224979654182719,0.278241499209107,-0.0650303684588164,0.215819207413239,0.873568528982616,0.0825450257927224,0.0799683147656178,-0.57685692524042,-0.0397528282306157,-0.366318335313006,-0.289928025810904,0.591638298229613,-0.113217535088288,-0.232855156693439,-0.469003621561331,-0.1092190794936,-1.10439990228781,0.509954507033992,0.353994724277992,-0.0099877434975574,-0.0134352166529968,1.0,0.0
922,696,1.14738017450537,-0.382257478983073,1.13552198366418,0.119208924816804,-1.00361459575882,0.0261608767731693,-0.711777380154491,0.145658887955223,0.999926859476884,-0.456159693835547,-0.327009143058888,0.846270752736943,0.623064587614193,-0.531520862105331,0.486984418812784,-0.155728167971816,0.171572261386321,-0.906772471509091,-0.134673375441277,-0.0304148790146053,-0.0755275501330605,0.0069354183497976,0.071129882566712,0.179123126550029,0.0536552288394702,1.01615522906814,-0.0165337671330683,0.0167077201562805,22.61,0.0
3011,2561,1.35533551592631,-0.731159232034372,0.667896870713813,-0.929902700856332,-1.00466082404397,0.085218246789461,-1.06885236599083,0.0859411102481173,-0.71877308125029,0.747576692864053,0.772088330905917,0.190220157011845,1.14222722717111,-0.449824666365017,0.391813787737669,1.88226733986467,-0.537928566627766,-0.179792533880596,0.812749051485686,0.213865801885317,0.398642171184373,1.07153362445078,-0.242412397053243,-0.431888489246681,0.526412046199727,-0.0197747078123955,0.0343054832679546,0.0120437408066323,29.99,0.0
2722,2265,-1.26617118302,-0.321459304852652,1.78460532131537,-2.40487894517068,-1.25183830674814,-0.348121079601104,-0.675538295522047,0.489033914991345,-2.54051661522412,0.487601322207399,-0.419472633023631,-0.271925340918576,1.84593791086756,-0.581918982423396,0.347679216890779,-0.229325789229107,0.526985644315922,-0.151261684217231,-1.3562224576777,-0.0151541117986991,0.0850124911765233,0.446617227699376,-0.0900681109418902,0.0955600630839346,0.434890351183322,-0.14721572050905,0.196592833430921,0.023946157585087,69.0,0.0
3182,2756,-1.20249766732326,-0.633223112385064,0.870420056638267,0.0941518512762709,2.42868897205038,0.437055171879883,0.221037635377597,0.206281632923784,-0.0318407638066738,-0.287198497310944,-0.68052861488013,0.0763470585518577,-0.569096175183179,-0.0168913222733508,-1.24798248726667,0.0569498502268188,-0.949374744673398,0.26869141457692,-0.0001883710571338,0.255233179893741,0.0166587438441109,-0.0663377574629307,-0.103541221574898,-1.72677466000713,0.123751522143538,-0.474516885545008,-0.0698011108625783,-0.0799340252306199,45.5,0.0
2830,2406,1.160425361474,0.0626071027243095,0.564435264199447,0.515447667725979,-0.453482486010772,-0.346768772927947,-0.206045177480082,0.143027167934875,-0.0302760302348023,0.0982813804200979,1.65907261094281,0.500990603137624,-1.15925254161484,0.741764906876244,0.714655921332117,0.209716842080002,-0.244997390662019,-0.398968094801752,-0.255422338861496,-0.207656577669731,-0.18052308786787,-0.588800555386229,0.195495173200369,0.182340613304702,0.0424453711313482,0.0987377092936036,-0.024693003179605,0.0044945046834021,0.99,0.0
3067,2626,0.983559976280137,-0.135449638235251,0.494679267992451,0.672682765104759,-0.382023726920279,-0.216187254504406,0.0048032105043615,0.0476635729433557,0.0528141152220039,-0.185602945480096,0.477305596139488,0.485201630530382,-0.0885328194407402,0.399676561804813,1.56015440786173,-0.357670866445217,0.280509925739528,-1.49885071454384,-0.992389093371714,-0.0136926071313753,-0.131336937053841,-0.523707006910624,0.165661239345204,0.0857601196518998,-0.0164294167683319,0.125392864911417,-0.0137624145036722,0.0298363603913178,87.68,0.0
784,597,-0.579711960472138,0.863978981323137,1.5485678885124,1.09411644662122,0.383149871573759,-0.0058841015554682,0.802097223517882,-0.125621881419378,0.0297465078979738,0.151421429131404,-0.629093880171035,-0.153313662511226,-0.640298059556435,-0.162919727582289,0.134772964556203,-1.17414410591134,0.428248445048101,-0.695283525481904,0.441604731534043,0.100045957123411,-0.0853246840634063,0.248800333327495,-0.10415441940934,0.0816588669390609,-0.0891687061857052,-0.308128861959774,0.133323628071726,-0.0272733582702259,11.46,0.0
2638,2168,1.25626104238931,0.35325676675887,0.305805724950265,0.693693395647904,-0.373350016127097,-1.07377180190807,0.085656533888808,-0.202916548472069,0.0349884771604497,-0.282185192652988,-0.0687656692289609,0.226232790763169,0.209323814515892,-0.284197291171564,1.09575144866822,0.479250825653328,-0.0042566603242864,-0.297218966486988,-0.198367014029416,-0.0818148867152307,-0.287781070613433,-0.831243858212735,0.129570700824486,0.344916696358431,0.215509659391087,0.0944579634286831,-0.0231816547193737,0.0307898839141804,1.79,0.0
2883,2435,1.35396160973408,-0.02203724587761,-0.228515698421633,-0.987323612965459,-0.294570475580455,-1.19772527315253,0.167598821626874,-0.305542795533655,1.07379374066574,-0.922358288632362,-0.594660588722094,0.453114725404855,0.109508065226261,0.409314533660368,1.60208411576724,-0.513469055068183,-0.362488840428783,0.1361676755724,0.718551821950506,-0.108500506046173,0.0093945512804452,0.180687821038107,-0.20435389511972,-0.0915625504507778,0.870000958652055,-0.570122748689149,0.0394700544071108,0.0127231391685912,1.0,0.0
1889,1459,-0.589969283834441,1.36499605822386,0.34765456408798,-0.226933287702992,0.424098982071002,-0.218881889344784,0.371373944612978,0.416357871313195,-0.538404331324319,-0.750578561129034,-1.53278819737474,-0.137871742437822,0.884038448670238,-0.288070090419045,0.907081601155995,0.892089071339062,-0.358436058212949,0.301863125734855,0.42730788886745,0.0908050214566286,-0.305025605836025,-0.920850560037375,-0.125556272906828,-1.05710193010616,0.0680913789526825,0.159428932501868,0.119670903721116,0.0225166510045209,9.08,0.0
3604,3083,-1.08497413285267,-0.205797756276017,0.223920623381587,-1.89354701231314,1.65980910002058,3.71400246187765,-0.808200055506194,1.57248522302687,0.419280169031312,-1.3514372272012,-0.962455866029476,0.273280104219994,-0.182239699711698,-0.236662470279801,-0.833578928373382,0.583157461604482,-0.484558502174949,-0.0595017169665301,0.100718319101557,0.100785057250471,-0.125027528981391,-0.692563358634557,0.0335941038787476,1.05436250164587,0.116731385773784,0.7971245657269,-0.180686148617864,-0.118804214802693,60.16,0.0
3835,3370,-0.0748682837996701,0.645980578821574,1.09315343839421,-1.38393299331045,0.252968571897608,-1.22710890633475,1.18053678866607,-0.552561857361243,0.577453756033913,-1.25000450713489,-0.23360420717679,1.03368335158677,1.04551840909855,-0.267926162922634,0.357094987248979,-1.35719840036869,-0.0138175553065109,-0.32124623088437,0.961618567832009,0.0599872233463843,0.0156792203444577,0.505669835361728,-0.405365862144496,0.466787882446579,0.537109717888164,-0.623406925819546,-0.0923922824554648,-0.203002114547319,1.0,0.0
667,504,-1.03107926237188,0.626546715939223,2.62243621705555,1.41131216109482,-0.296552602030695,1.12295167613951,0.286099517474646,0.0888015027433914,1.10356525480907,0.702030394514898,0.766595129689746,0.636497098257167,-1.45166224246317,-0.959335402011778,-1.84711592779213,-1.65990782597683,0.80722325363842,-0.596915387039435,1.51249544487925,0.244650734009657,-0.446252785834355,-0.374942125189661,-0.0755026460495526,0.20743677730006,-0.151028085629672,-0.471123967235832,-0.039908564762035,-0.191512528779502,24.9,0.0
2297,1840,1.03861110342474,-0.55994113151619,1.65132447469148,1.63914954281395,-1.29246009239596,0.985490046882802,-1.20791537484653,0.564181186023027,1.67816754759858,-0.185840648413933,-0.297895570411447,0.623176220899842,-1.61946851198337,-0.633292334535083,-2.12004606541652,-0.161122385311352,0.0250518084254148,0.555401493984051,0.593709573432562,-0.20391187107865,-0.0446502101802037,0.242826288023732,-0.145979907998636,0.0205547710017326,0.51829705179776,-0.219250483001786,0.0926269821895836,0.0251169146623833,24.9,0.0
264,187,0.0660607724103991,0.876263400106492,1.09399296779106,1.55615051603286,-0.0723181296209833,-0.671902296474181,0.56970715581892,-0.143791230915684,-0.609469492731212,0.122388482770488,-0.477548435454898,-0.348544455392073,-0.275911531744269,0.469809094351093,1.61987812296959,-0.637980696891107,0.179422141530213,0.263764793196336,1.33268955843488,0.126786431510173,0.159757255526686,0.497796845243291,-0.0432657550037467,0.397922924835314,-0.358151033494396,-0.186331411468115,0.135738678869073,0.0988396531929543,23.32,0.0
2576,2111,-2.51926330314683,2.74380977492972,-0.386795779815222,-0.0781282968730639,-0.36460415856155,0.901335492464291,-2.81838449447394,-7.13537902240442,-0.845599362589418,-1.50456098832845,-1.25566210525331,0.661842860209199,0.148339161019879,0.665928881506532,0.678609367038471,1.09578588088368,0.318490980564122,0.257442649632521,-0.151622238419623,0.773536042506159,-0.509453112130065,-0.813935073132524,0.701448706931539,-0.576936132214676,-0.0941351116695788,0.112955450896674,0.201985613293525,0.0603403155449884,1.98,0.0
1803,1402,1.13354699807996,-0.76008490376445,0.728058499510012,-1.40909884488632,-0.992751102787757,0.163484770792796,-0.815753861284071,0.271776176492454,1.81344778613753,-1.11237111132146,1.12700735688123,1.50471852642247,-0.0801255708301946,-0.116339207220331,0.471512072924837,-0.581087982437972,-0.0083635841962238,0.0864253803043261,0.940821534996567,-0.0349734151386965,0.0018296005828136,0.231610307443596,-0.0672785981474816,-0.239733971716184,0.317102379948479,-0.0071950509003018,0.055127854702884,0.0140877968367422,37.1,0.0
869,657,-3.01585764746315,0.721315813119919,0.126189889027236,-0.627188238673102,0.0378206457368422,-0.354354124049387,-0.322215567204464,0.976949034079317,0.0762787141033666,0.0825280608098251,0.825290220247592,1.45616333612174,0.578312977637492,0.328960765638427,-0.698247511990363,0.177993253878125,-0.153572170372305,-0.506663456143751,-0.217595250855469,-0.0335249327184094,-0.187606260921427,-0.292258289744946,-0.357114185869736,-0.228333045865851,-0.228307481329279,0.245560443998405,-0.368090160027555,-0.40609212475948,1.0,0.0
3512,3002,-0.302520690013682,0.447473606170949,-0.495757487926775,-3.21479928170564,2.70504105264306,2.76243958474878,0.593846555077562,0.556451025514572,0.697719595505647,-1.09018090617913,-0.111087964243309,0.0626523474576219,-0.238457031495562,0.215738138536011,1.06935589341597,-0.255230524748655,-1.07208498526811,0.485110431510628,0.271314885172261,0.156089011075005,0.0073428026657956,0.250885695089417,-0.331599689403957,1.00995227965779,0.233730179901549,-0.824470557380348,0.241305212556617,-0.0203586378568534,1.0,0.0
2032,1574,-0.615776449184566,0.654355645094636,2.61879342151785,0.857433561032432,-0.487339681203721,0.593957251003263,-0.0951914233344988,0.426785574545266,0.0116072403039082,-0.384413057378548,0.320467522564587,-0.0228146340248166,-1.29979071625951,0.0153680905375781,-0.130310493894781,0.0481300099563215,-0.240573842710673,0.958278345552605,1.10366516070251,-0.0080942366167275,0.0104396629502106,0.113631161887806,-0.313035473854865,-0.0153883141833265,0.213877785481645,-0.268579101861511,0.117815331882258,0.075734470215859,9.99,0.0
1505,1171,0.886678075936327,-0.138970335346747,-0.0080220781171106,1.38089011572138,-0.222074094489398,-0.781526090881027,0.666471854874448,-0.379509225307776,-0.1434944302602,-0.193640883813967,-0.359145926505446,1.18316666781264,1.48493903817209,-0.0200891239225376,-0.121013893369262,-0.466602506710161,-0.18424657342243,-0.584977397483838,-0.143488835251856,0.314224401403808,0.096201591287528,0.0994624614666443,-0.332800392230402,0.462826852815544,0.832144954455678,-0.30183245025923,-0.0141282154669671,0.0494343644760953,189.25,0.0
1425,1103,-1.30772137590653,-5.13787375062008,-0.769016963515676,-0.910737701402713,-2.80855178421616,-0.39018513901712,1.04524036910928,-0.496871233107722,0.0190714782099438,-0.947608530959811,0.450449687923974,1.28881908423517,1.93357398166823,0.060121364168834,2.07545310826381,-1.91672359931138,0.324278149070641,0.91512633991845,-1.10355864913975,2.36174521540002,0.462879366078915,-1.11435105086378,-1.02625512231148,0.491488025439658,-0.405213727936898,-0.223175325801364,-0.18637176146716,0.270760853911988,1376.13,0.0
3312,2862,1.24320875173832,0.782239483256773,0.0883281414927661,2.26825011968372,0.58254389057802,-0.224690804666127,0.540684661060452,-0.229470676817146,-1.12667378753762,0.637865690619363,-0.960104495110526,0.441112746917993,1.48793805912776,0.145947584262772,0.211322879490478,0.720980275978,-0.903432891115925,-0.71086536910487,-0.423128984850663,-0.0226125936221794,-0.442793791765842,-1.33099060060015,0.059065078172583,-0.48044491590051,0.433619995931506,-0.333742551202964,-0.0216841361816759,0.019529339414283,15.62,0.0
568,426,-1.93205540371232,1.72461780176378,1.28822881142765,-0.396997995213887,-0.140202424316537,2.47052082570381,-1.86529822066808,-5.18685485771027,0.79476354237478,0.155379390635381,0.0345173169570061,0.906737901095801,-0.0271717763506107,-0.404303277477776,-0.473949407683883,0.274034093000964,-0.222340225774832,0.416883166963647,0.363446064493055,-1.10865819105523,5.27342004756246,-1.68199744837567,0.526024517545925,-1.20717867391961,-0.0173687827469741,0.376704272786421,0.139676264525891,-0.164094108263199,16.19,0.0
2485,2054,1.13279207256739,0.0545783832827406,0.260784326765283,1.21455965855101,-0.0270455979324333,0.310376235255414,-0.104111226072112,0.21024303602477,0.209562183117758,0.0722466171963224,0.692153649911043,0.56024451590742,-1.1910853127344,0.449747922012256,-0.656210255903024,-0.381634276646706,-0.0473206807309285,-0.247585978023627,0.0507156660448515,-0.222687963929774,-0.0800094668201214,-0.0922240542892435,-0.107821286837661,-0.315436309362115,0.639794618470312,-0.307067220099811,0.0277502578585768,0.0013434078188311,14.32,0.0
485,356,1.02139247472103,0.155450971619841,-0.312290950683655,0.961407335567952,0.548611311634237,0.121816269636434,0.525318014695693,-0.0538912610804885,-0.686867335338448,0.113058507536762,1.15862283590572,1.30647533496136,0.910990895080831,0.581981857523677,0.186329578125173,0.0220289146655635,-0.608528360730842,-0.502009344419022,0.0024918380838812,0.114202252037168,-0.224761709617042,-0.850712082949529,-0.0778454104313453,-0.679774834705032,0.484478365208038,-0.605930142574925,-0.0054536046372517,0.0193924327922309,105.87,0.0
3799,3308,-0.451819070126752,0.504921369173256,-0.277615164929343,-0.742055446776562,1.96743607800674,3.6613648935904,-0.282521239272917,0.900743529137057,-1.58644240167073,1.26428283734228,-0.478475216267035,-0.639471706358158,0.312555116313226,0.188297224302679,1.29317677390528,-1.53962442019354,-0.368110297253104,1.99793794514691,0.191018448731656,0.0319183902703549,-0.305175469950344,-0.306675193667258,-0.122078631622171,0.966854369256013,-0.0237373733246163,-0.178578081055434,0.555883021534795,0.283349428564046,28.03,0.0
2945,2493,-0.997149461939396,0.815692151942654,1.87021829747694,-0.0201241156588238,0.604453087467176,-0.0566410342437151,0.81939499645997,0.173148669065833,-0.986915287693754,-0.622235883442402,1.30820924210152,0.709928891863711,-0.0102008961422143,0.375117462148018,-0.118947757001848,0.204844263146317,-0.679532008424084,0.0622314338481554,-1.06389982270791,-0.0331784157356183,0.232831850672015,0.522493995197183,-0.311807918746708,0.0246058139237788,0.608281022209603,-0.358201259416632,0.0316905933149032,0.0552667069173165,34.9,0.0
1242,957,-0.34813085253483,0.904406427703524,0.554157713161501,1.37199853174015,-0.0945125099752983,0.21445545794952,-0.0849445017248996,0.67097755950329,-0.805617741835431,0.0663200831389288,0.762534125301873,-0.262077250419662,-1.65541126340606,1.27079276472666,1.31067800469617,-0.449733714812612,0.336680919014072,0.625684950018758,1.39153244759627,-0.0818839835747756,0.244025688069821,0.534325950155386,-0.0195737181433871,-0.333249642382985,-0.446303252718114,-0.147480686448906,0.0194213853181079,-0.0010213799026416,19.72,0.0
1288,999,1.23743572893974,0.163731081583208,0.0528938401893782,1.1981370800324,0.207892866463235,0.274296177602136,-0.0010994789589881,0.0743952255448991,0.444544316977689,-0.10144200425722,-1.39307986358681,-0.0805908034698079,-0.614115277976148,0.139083946893654,0.0344972928427609,-0.450702942706741,-0.0050078823917674,-0.629847689810377,-0.0453972756580286,-0.218947525903235,-0.168521223926574,-0.257242135120663,-0.152185583152041,-0.776046185156999,0.756203333720845,-0.257300288311357,0.0361623230884842,0.0047733365964872,1.0,0.0
3336,2888,-1.19842065260501,0.376686374923246,1.35308558929709,0.560422547164716,-0.406209498966417,2.02451222242226,0.128028135745418,0.978587861922254,-0.320947235207347,-0.773720552076427,-0.672216417584496,-0.196603185020925,-0.578032233804858,0.343451032783097,0.606050711581601,0.503844751702808,-0.494832714893874,1.17304792937659,1.06693797497762,0.336578302744716,0.159431100489697,0.0781598678157472,0.0348127166855553,-1.74669971543296,0.415917605157097,-0.147912254039074,-0.0596453505490926,0.0114964047530656,197.8,0.0
1994,1534,-2.34113724880005,2.25610942484684,0.288054410366109,-0.813955774438521,-0.945990936914875,-1.08251045607606,-0.014469181658892,0.87759933061844,0.673025330203204,0.438362710944571,-0.976538477501487,0.268550640396832,-0.410445540163056,0.249431589915558,-0.259588072594428,0.150035648987397,0.0220679921834195,-0.538372913132739,-0.379476171699618,0.414156648688687,-0.262280858524811,-0.541946045939606,0.090308686995074,0.378161967763182,0.0772401776112815,0.32184953170282,0.574928456408589,0.357877892207228,5.0,0.0
513,379,-1.89609925225788,-1.82904618154786,1.1812221421476,3.89784579615149,-1.68646870453463,1.97637075512678,-0.564107230460776,-2.40046491032775,-0.979201821482992,-0.284723547420908,0.284799423273594,0.592318944366125,-0.653926139218209,0.510773223299853,-0.545063692116723,0.309555463761161,0.259246565289502,0.660470304607634,0.978842524591732,2.53863619646714,-0.936346051581582,-0.516625796902055,-0.911681722191558,0.0251056407556221,0.65669917991653,0.200867802291929,-0.0889936776886423,0.339813925549531,881.13,0.0
2404,1964,-1.61806245426695,-0.283935799629392,2.44106532553721,0.329787035922769,0.22105459456756,-1.26227683212138,-0.08171749624383,0.0136957566920816,-0.219177232008386,-0.462442410193736,-0.17839268446302,-0.0695365992598049,-0.0799680226387245,-0.0004646915954362,1.23027812958668,0.349508313795474,-0.354979418094937,-0.0171674543904955,-0.17493821430248,0.148037133005435,0.0427660688515666,-0.162835401702933,0.0450238821690999,0.713325812244494,0.0728568681227593,0.214980400556266,-0.185213646951283,0.282433054434199,49.99,0.0
2703,2242,-0.865218610086327,0.559532623133288,1.82793724099533,1.91653028617505,-1.3401509553325,0.422784946780382,0.368870043320703,0.492706333907822,0.138602091254494,-0.914457596518284,-1.07431528188917,1.46796278082512,1.10379561598686,-0.697232298098951,-1.88639013193696,-1.34472032615811,1.04641545450063,-0.768432006720496,1.45974268358352,0.29002821764945,-0.141669067019535,-0.274566196459198,0.45754900137227,0.742447553034554,-0.423104445060661,-0.53013196792016,0.0773663043966111,0.136212725252928,165.8,0.0
1871,1443,1.2332217177434,-0.660300585889254,-0.248274737239362,-2.1528257548679,-0.60338198200396,-0.61524044944862,-0.256466433254323,0.101838654457358,2.01723297425565,-1.40852968141402,1.05225722644401,0.59261293649154,-2.21621665751079,0.855749844346931,1.02298398361489,-1.2203905121114,0.246710651101717,0.155640190343884,1.43368849112195,-0.22269846187707,-0.106683523968387,-0.168257836330575,-0.0988627622557145,-0.332948921234384,0.629756474599385,-0.809704604661723,0.0575078136179369,0.0008918914787617,22.1,0.0
1315,1030,-0.5656145736051,0.983078054314545,1.33358931503425,0.0070143556860397,-0.102888254850162,-0.836389425836542,0.483633755762789,0.106020975494236,-0.384015363461745,-0.186784448986954,1.4390814274726,-0.0649766799727397,-1.39508258573189,0.0215835675081736,0.342726907305846,0.573464978842327,-0.0959023427865164,0.455472575181557,0.138399638510378,0.0098948828929738,-0.199175735718217,-0.651841533665272,0.0606265813070012,0.444597808147968,-0.266541142764579,0.03516582597323,0.0994301460427441,0.0860120636931379,1.78,0.0
1071,817,1.13843623596697,-0.363657607206205,1.1722327961261,0.834377131587199,-1.09794937546227,0.114876276639621,-0.852064308239484,0.336239682498576,1.25787028298012,-0.219723419789114,-0.883700926196072,-0.635830275037829,-2.15984529033789,0.0557870841057197,0.691338011060787,-0.0272435201381017,0.228790340846762,-0.416920813113964,-0.383798559255411,-0.273981861862531,-0.0898095963614672,-0.134284117613628,0.088153513310355,0.0627933270831687,0.108076551913394,0.353507977202911,0.0192561663397148,0.0190792449370662,8.04,0.0
552,413,-1.07565217464198,1.10123299068043,0.579164114164429,-0.459366283954422,0.600010666231119,0.16092650859804,0.573487885331443,0.274772969056574,-0.581368052835485,0.121710639859621,0.189099243570419,0.888804485137718,1.48996083430835,0.0648276514309272,0.0786775106180588,0.687699052832305,-1.15690063450525,0.62039466011034,0.704515543417976,0.372269475300263,-0.0749543955960365,-0.0162176548080951,-0.267397471432668,-0.982177376357652,-0.0092944113346322,0.266081185608278,0.15842127314384,-0.0591677893317687,40.0,0.0
3525,3013,-1.7089401339,-1.29625529356365,1.95317049711106,-2.27702755388465,-0.510388432049663,0.408807282941835,0.329230953193867,0.477330945283342,1.05811867750225,-2.01579113196323,1.38787863862265,0.817857555136642,-0.936163695400372,0.0830639106569842,0.682882420959371,-0.592114806505504,0.0558332239699238,0.09503535818138,-0.304827411287746,0.557379205613787,0.466843093399529,0.860939462499697,0.361317263311396,-0.264732068004674,0.423477584866062,0.0656885511598925,-0.0263918246140808,0.0775618333593149,261.8,0.0
1879,1447,-0.236628117081155,0.378507060808547,2.23923736480431,0.61210745872279,-0.25006028553047,0.803220480025226,0.163436651370637,0.0805327829153419,0.36873867666336,-0.280979123685746,-0.948520094910535,-0.0621292208468705,0.177717765477262,-0.651022109913983,0.81009439947682,-0.55588494281367,0.179657111744864,-0.246030674995558,0.908588291481854,0.205679078301826,-0.0155789528291674,0.335400882083964,-0.0707728138328136,-0.38361816643317,-0.580536114398539,0.41933757140357,0.0066443224448667,-0.0755893473524281,39.5,0.0
906,683,0.658816030856571,-1.25582332873654,0.746189540718035,0.194524119848031,-1.25706461278356,0.15326402332861,-0.4070286413766,0.118008063737778,0.770705757672373,-0.359188189501645,0.817686752176935,1.22899596215524,0.432688192049282,-0.277062780462495,-0.383261651919885,0.475414984415053,-0.456995778695048,0.227973788710565,0.555315368614121,0.547437023245772,0.084679280755318,-0.213926415901968,-0.243388092089697,0.0972771981489686,0.0353302203199014,0.962774664769905,-0.0887498240966316,0.0520758087825347,287.57,0.0
3163,2741,1.33214151055631,-0.439845679128354,-1.21306328218484,-1.79751399396225,1.74875486279443,3.20521301305783,-0.666061070344031,0.821240650406619,1.38047192943157,-1.00427397092121,-0.267458414653073,0.701394899797942,-0.181665528003625,0.150295038502202,0.646910164332653,-0.634470959401518,-0.324016954265222,0.022177696553317,1.29814632658209,-0.0227877814999363,-0.299699393310871,-0.73022790571949,-0.0428528683835154,1.00626374249219,0.783006155798286,-0.736631281914127,0.063600523106636,0.0166055275316791,0.0,0.0
556,414,-1.04306772577729,1.04458176181587,0.292185902699667,-2.37853568102341,-0.189793273353959,-0.920525525533383,0.178721701942985,-0.384094633683403,0.237234385785815,-1.3369199851408,1.64887907339623,1.41735005355045,-0.176129795927343,0.924562871708438,0.484002834098242,-0.783687362234964,0.167370222476487,-0.161785186161552,0.447245262547784,-0.25652884480436,0.934063858602581,0.31638936238425,-0.004709299752118,0.268737905596187,-0.177186065474434,-0.126935637747705,0.290258851603389,0.12752995682491,1.0,0.0
3561,3046,1.14151696217157,0.147295613099947,1.14035442172249,2.47141130318787,-0.257028252946594,1.07999479993808,-0.690989125156094,0.387961808287483,0.250636056655198,0.467599793236058,-1.57986712361589,-0.327112595295463,-0.403563460955705,-0.323053472397657,0.0717643059256107,0.599023032007487,-0.408611402556304,-0.306759482925698,-0.880881743844743,-0.205478628026451,-0.120524872705782,-0.179897059291026,-0.0219032708320772,-0.793308095133724,0.317296541370738,0.0406157690642194,0.0546980570604749,0.0224721939721185,0.0,0.0
2630,2157,1.11494302790201,-0.424536626384927,0.0308825947445468,-0.0813281375200945,-0.752826251446658,-0.999389591937808,0.0334334084412871,-0.0803646690051832,0.291618394903493,-0.0495564356566954,1.11366919350641,0.0840077355392567,-1.99094071407173,0.722462310845061,-0.37412389725013,-0.0420607247575037,0.0314531130838221,-0.180541950688543,0.619796235399117,-0.0377581075828694,-0.0139082017891592,-0.190038565320863,-0.0990249793365046,0.602965823013065,0.318487635204385,1.43924714351353,-0.152243137206113,-0.0121805810086939,78.0,0.0
1620,1257,-0.675005050528826,0.947749719070172,2.94902011904923,2.74639223663812,-0.4365281585471,0.84944260746718,-0.369623148636753,0.22602370946977,-0.328699635887922,1.21960636449147,-0.453768494782675,-1.14400441000537,-0.889201496601006,-0.290696010999812,2.3367334138037,0.24035995996482,-0.0562989074426234,0.455530207994511,0.0115287541441606,0.202468864230353,0.213539519276268,0.838455508170648,-0.275028187930913,0.0710194078128171,-0.0921234897021601,0.396385943953711,-0.0872308415839159,-0.150529755256985,4.29,0.0
1744,1351,-1.78399360524451,1.90702735440932,0.787050422125833,-0.806650640051883,-0.459586191441952,-1.00318293704025,0.409718960356517,0.375377367946098,0.475486073211068,0.323412469516494,-0.647308738271205,0.725408100687748,0.697046254048686,-0.22750858679894,-0.363931308985054,-0.0088540911809663,-0.201406872283164,-0.70638029100833,-0.354504304804406,0.472513623918354,-0.259585131144964,-0.414593611029534,-0.0022101482655634,0.42111469538269,0.0372723314515376,0.310091200752416,0.600417057050466,0.364445035676421,1.0,0.0
2064,1596,1.15444484782558,-0.0303125877454863,0.758374717909653,0.823211510796504,-0.667913942558897,-0.357962605494221,-0.217503927667199,0.0152170757461995,0.291560102166023,-0.0662875281849222,1.18022744612984,1.48713209772755,0.295852269684133,-0.0904772982681238,-1.14498691249607,-0.220773102262241,-0.124678166467433,-0.195667481046698,0.39567616244805,-0.0761569228112615,-0.0349801531705689,0.116264208638038,-0.0666208607524086,0.618410272315959,0.507122208643822,0.378461261684548,-0.0152636088758495,0.0061557842188883,12.31,0.0
3303,2852,-1.67400394259868,1.76849477971396,1.64429292436919,0.231722982526547,0.319307874039244,0.399337780380893,0.766002475508339,-0.240055648550048,0.0645074059239327,1.38881949704215,0.945101967161813,0.672993582201864,1.06661022244963,-0.563550079636164,0.789736180288159,0.126800211466612,-1.07617526582916,0.588846847274717,1.08331704326537,0.457766823090988,-0.2984611928337,-0.32190345568731,-0.359065846549221,-0.5226774958266,0.204278003071031,-0.638444490519085,-1.29237567619216,-1.0601641876625,12.99,0.0
1930,1490,-0.798976008409009,0.761253597330344,-0.045668850555913,-1.78295352921286,2.4051566867588,3.46989427109155,0.155797835107119,0.988784675971526,0.175226882782889,-0.371192693072274,-0.620330655192305,-0.032504672199819,-0.327217819001916,-0.15135873405931,-0.505228497678774,0.0936581349523567,-0.626679040670032,-0.216893208454985,0.257455501139823,0.265329517760504,-0.285930642282694,-0.672795711970632,-0.190582052414114,1.03048416589185,0.223369014512521,0.397432888476729,0.391805309684402,0.218627409260445,5.0,0.0
1869,1443,-1.20365416995025,0.590421388456076,1.91973906182345,1.51824711742751,-0.119937299434954,2.36136380770845,-0.60306787368234,1.34674584862343,0.517977679682612,-0.817990715097756,-0.708489893156762,0.656149728670778,-0.992137913294013,-0.24053374706518,-0.46167184875339,-2.45882802087129,2.29733769234846,-2.41390665492258,0.100485470337746,-0.0449337717747261,-0.225590821656432,-0.180094206661377,0.134218565383608,-0.97797976014209,-0.283619197724138,-0.268299920382745,0.364291047806347,0.0915009681501012,33.45,0.0
2209,1736,-2.93127558870578,3.0050095922506,-0.763410840392611,0.479426918764543,-0.567264163424178,0.826466637322157,-1.58781530963453,-2.80140947349578,-0.0469494788302595,0.382117440777474,-1.54303679378109,-0.0611805225898203,-0.662363997158541,1.1923283820906,1.28832940871003,-0.0687447249962298,0.528662892640244,0.153466836460301,0.249277978735573,-0.933274319763747,3.95977113470093,-0.960621074079548,0.439298251345581,-0.851231001239195,-0.0266384137903008,-0.24395186631872,-0.079403366909533,-0.129714853107904,18.25,0.0
1771,1367,-0.183549054192979,0.846339329276431,0.770861336536382,-0.0787663234409339,0.618272646020743,-0.613899667821685,0.818832602364339,-0.0336976498957698,-0.573368940053663,-0.300254350268463,0.685150353119894,0.628658491766938,-0.0168135040175576,0.430741365655002,-0.611089955862655,0.499887739814941,-1.14530717308653,0.54215949593689,-0.623129187072669,-0.198205676092495,0.251105687030782,0.702443269643584,-0.0502764739707305,-0.0013634133596016,-0.791701549121832,-0.682876010468141,0.224821913548071,0.223322927161563,3.67,0.0
3704,3173,1.25956948476734,-1.03610860769174,0.963996861165049,-0.642863678671194,-1.55596406912786,-0.0063627056163374,-1.29161343463486,0.236361226591216,-0.146226224212024,0.695924000668974,0.624645093127109,-0.557274584338964,-1.04620699169475,-0.276393227600065,-0.174364156818933,1.54116658086998,0.0142346497936309,-0.259511299522422,0.869874520380173,0.095556082301356,0.347121348323952,0.890912062940175,-0.177254465309938,0.0172569373452843,0.413419516407635,-0.0430283332553566,0.0299163285896762,0.0162333581429332,50.0,0.0
2560,2106,-0.642977700917034,0.911424980976597,1.12433558698331,-2.07225180477104,0.224743250993823,-1.21683232587983,1.15020672765282,-0.361200541539575,0.871892702253588,-0.911373263738943,0.33526642896365,0.865645549287096,0.531893130470316,-0.106821952428131,1.03527258676705,-1.02896028836409,-0.229199900719943,-0.630304264613611,-0.618955951417016,0.17127135655723,0.0900207042194277,0.774999778017781,-0.224213256869732,0.424333841121379,0.036073160819047,-0.828268729748688,0.36603158494153,0.0480514010053136,1.0,0.0
2527,2095,-0.380558914941418,0.78586606812082,1.2574355783965,-1.96591299971287,0.0920466321551519,-1.67060156684353,1.24142345088255,-0.514768528522826,0.676184548985373,-1.17639739601711,0.103221666400996,0.806444977165735,0.61784899760584,-0.0781179159890136,0.761851145393289,-0.718142457046415,-0.502545602883131,-0.173655205932448,-0.230481843778753,0.076646024233698,0.0921744477633238,0.687910123038383,-0.266348695659233,0.741767946802087,0.0597330389405011,-0.862683097783771,0.245125762263779,-0.0084538085755207,1.0,0.0
711,536,-0.696401906745576,1.18659731596808,0.761499236264684,0.783975083615848,0.825519373832699,1.12563841198047,0.422931347664673,0.336891906609552,-0.142015411905265,0.502031080469268,-0.175564414688282,0.198320970733199,-0.390952409106859,0.100615573022816,-0.319214766083525,-0.643692750391938,-0.108278418568927,0.279169550776512,1.50573827199648,0.246713503818856,-0.0984764288757524,0.0844906065458281,-0.302055811599764,-1.34499096749993,0.0910471062586905,-0.161472049242045,0.400489356538049,0.230986131088988,0.89,0.0
1521,1190,1.24203172668547,-0.109533991769473,0.506126228598184,0.454072363887325,-0.258938892574956,0.372521291310155,-0.476144634105318,0.129888372177244,0.668911629755636,-0.215159210873017,-1.10091830619133,0.254187630558924,0.45128616752824,-0.253191631880731,0.769174434518643,0.0809539823738869,-0.276606997854619,-0.337936473402232,-0.192136393085256,-0.0910202245345945,0.0596044162155675,0.398158606183865,-0.168553554831477,-0.691007517832476,0.503603369256541,0.688572551299384,0.006762617616229,0.0048286438227366,4.0,0.0
2689,2227,1.37684654194279,-0.700875480368105,0.969338454774598,-0.431778633419023,-1.45777200341312,-0.521672173706268,-0.990436400970725,-0.045240688375562,-0.128607769847044,0.470643482626828,-0.651170754782807,-0.259392447911251,0.386084479674138,-0.785199847687101,-0.237381538456765,0.831682803431427,0.516100656686746,-1.26963905745399,0.659223786991899,0.0619495762654078,0.269444280241726,0.948143393280973,-0.147365412623243,0.451116392130912,0.608122277584037,-0.0030259188224498,0.0442803204188371,0.0185272753956724,3.7,0.0
1541,1211,-1.72232553982092,-0.547904595317142,0.115476807186484,-1.99701684184049,0.0818639897438653,-1.29656284947458,0.564203721850552,0.38381729043322,0.104718828197298,-1.52653419469345,1.70927535430564,1.57193432631528,0.267356932809578,0.900393328118819,0.512877571294577,-0.772495047603525,0.0908681584493992,-0.128543276827834,0.406984597256076,0.561953170892938,0.356035593507659,0.509097913858085,0.256210749013699,0.268317742034224,-0.128175960002365,-0.148790136869035,0.212983846925094,-0.0086475698378983,160.0,0.0
1128,875,-2.37682907264137,2.25047592790658,0.51372201913173,1.10490870957719,-0.534358829620691,-0.294275717515488,0.219831507168649,0.510645782347292,0.713897134152198,1.63830335011076,-0.28835261406386,0.597583531565974,0.0790648742805404,-0.157380409214852,0.248071034273467,-1.32361946540445,0.837357339961068,-0.887598580123591,0.42575986914278,0.703667206051526,-0.163011184324331,0.198988827790367,-0.019971252649523,0.411816272699308,0.199374596130922,-0.227731602511309,0.776361043368899,0.620675430250128,13.31,0.0
283,204,0.860652097177395,-0.247375223628961,0.75408223493239,1.18549170721227,-0.486174311985842,0.241012928570223,-0.197775505039792,0.136015067619809,-0.13892013972183,0.0698161543910854,1.6306275323201,1.42259905601193,0.929052853807675,0.190489661223303,0.688744902548945,0.336009910299025,-0.63372675477221,0.158199078346466,-0.740965871196868,0.176969315502838,0.285398312842957,0.612468202263244,-0.17576131705203,0.0475026538300261,0.378591616195335,-0.30509151529483,0.0376256674122205,0.043643521975168,137.3,0.0
2,1,-1.35835406159823,-1.34016307473609,1.77320934263119,0.379779593034328,-0.503198133318193,1.80049938079263,0.791460956450422,0.247675786588991,-1.51465432260583,0.207642865216696,0.624501459424895,0.066083685268831,0.717292731410831,-0.165945922763554,2.34586494901581,-2.89008319444231,1.10996937869599,-0.121359313195888,-2.26185709530414,0.524979725224404,0.247998153469754,0.771679401917229,0.909412262347719,-0.689280956490685,-0.327641833735251,-0.139096571514147,-0.0553527940384261,-0.0597518405929204,378.66,0.0
1676,1300,1.21890843918725,0.245989065129621,0.54668954645729,0.498296489763967,-0.366172514817919,-0.652761843360514,0.000223119181265,-0.0934119563041986,-0.308102984117921,0.0852234792696983,1.58687956705494,1.38625731086462,0.848888787424695,0.312638826196563,0.263603584820518,0.470596592220539,-0.7096668047695,-0.122417798692094,0.16717265299017,-0.0435435957478419,-0.19903902087835,-0.581332092698483,0.116861358605687,0.341019016371965,0.208660214154677,0.0752165365600325,-0.0287400582286224,0.0100657205975871,1.29,0.0
2679,2218,-0.280115624866766,0.874868164814972,0.832591018247191,0.159420903228921,0.694396526863782,0.227075775460137,0.936983248565719,0.0181464320443553,-0.862452723838738,-0.304142622604443,0.209302213995778,0.489343310388747,0.646996214626382,0.28870427348163,0.0296049771430315,0.477717211709578,-1.12419261651742,0.834697241164331,0.482180680771735,0.102597321687922,0.110233559973859,0.236388501883167,-0.294668803429704,-0.83502125512526,0.414969636305144,-0.31660330597408,0.0209603359451519,0.0085744291512247,53.7,0.0
3664,3136,1.2161984121875,0.0860135203509317,0.21490556675394,0.71462880780327,-0.373390541702282,-0.7611496517434,0.0972123097669376,-0.0902982875046385,0.296224248216297,-0.127168522601397,-0.213561380285995,-0.0403652375317371,-1.1852646004057,0.443382121985985,0.394660040258295,-0.669335432643586,0.443379664046486,-1.06402362010426,-0.345036699811151,-0.239189168156038,-0.0317662354509669,0.054994761734353,-0.0249377285837954,0.434220474622882,0.513600305220198,0.568000435687704,-0.0419058650886932,-0.0017875969013241,0.0,0.0
829,633,-0.282988727369893,0.738037094929483,1.2977358294878,-0.0616513753106633,0.377362215857969,0.161383023311711,0.681202786702433,-0.0579173744128668,-0.13819608166286,-0.740962017796236,-1.59129332190028,0.642689755462476,1.6201792373113,-0.675399953526958,-0.703252424630124,-0.235164017026376,-0.343045476166572,-0.265578012439471,0.758359259267786,0.115312831175429,-0.0522229916943476,0.109600501082063,-0.34308510274343,-0.545763468138639,0.295950274367092,0.560819687382868,0.030818841485266,0.0435467806422443,24.99,0.0
3381,2917,-0.377791714331431,0.679252510322331,0.993155029246797,-2.23039899576669,0.421538641459253,-0.983938702740036,1.08848686617128,-0.295609851996486,0.54165802992486,-0.990999201315597,1.12635185320383,0.99707102802512,0.117223485763062,0.184811976170246,0.167434939403498,-0.30606610776771,-0.960780820264382,0.600227978122972,0.309164408034856,0.0749334051652267,0.0947667289433818,0.636464547064687,-0.353285285321755,0.0188158035336927,0.0989709129641392,-0.837802352806186,0.236982090939153,-0.0264046596515465,1.0,0.0
2856,2424,-0.342875685577733,0.640632069221793,0.776686450028617,-2.34433200969946,0.63384660409757,-0.706371075525604,1.05415578175794,-0.243799847481617,0.628703039238226,-0.980023704234648,0.620156330696313,0.646730377936367,-0.14411451522789,0.224269445075646,0.242226698479483,-0.14404648862591,-1.1224157748336,0.805972254907458,0.499760589977622,0.0687693118792329,0.0579182328100007,0.515919656206545,-0.410838351567662,-0.490951237863032,0.15382332074148,-0.805661466475121,0.234047198212958,-0.0322188081063022,1.0,0.0
3116,2683,-0.531357538466346,1.78785648728583,-0.656797691368823,0.664207535738933,0.388264731174216,-0.736125708068851,0.640932066303322,0.214754531309126,-0.312932584152556,0.589113779271235,-1.32538231484195,0.0580764187777098,0.543669892359444,0.546901332316489,0.676321457295665,-0.25093749027928,-0.321066623034467,0.11277061320734,0.63086232613782,0.243455355434671,0.0658439071291837,0.430701579229225,-0.020293481134225,-0.438555495174239,-0.461244841082638,-0.353204015136387,0.526411393915004,0.280473241122564,1.79,0.0
3491,2986,-0.473430612444895,-0.225558049045625,1.31252644961946,-1.69303269355412,-0.5555421204064,-0.365207720872737,0.277983504620541,0.11314661860876,-1.13304232554337,0.0603119693495434,0.420662736237708,-0.949273840996259,-1.58148176461388,0.0244813505259113,-1.20568418352992,1.29373746249079,-0.0127359199332086,-0.767432089864371,0.721800576277011,0.122189179685498,0.146232529533636,0.124280591763311,0.0411624392638603,-0.0405006516996718,-0.209422234920198,-0.493393435860902,0.0770098902963074,0.12530494860331,81.73,0.0
1334,1042,-1.43411607632232,0.0528693979077127,-0.15970324721442,-2.38524646437729,0.837335020032831,-0.864148941647866,0.0587389308210593,0.44363661821349,0.382263734826317,-1.24639519705382,0.738291730265881,1.03833117879879,0.0016587768058661,0.846831337210595,0.642179433826407,-0.474418629782265,-0.264511498059065,0.158878330752203,0.85977484762451,-0.0351995012007581,0.128404624907052,0.308762403376689,-0.416395983599717,-0.740970345850072,-0.116687798420571,-0.0871274706693047,0.194358109064051,-0.0205982495416478,1.0,0.0
2048,1583,-1.36198135581085,1.18631830634392,-0.513394077657814,-1.79761290660273,2.046239359462,3.39783794705032,-0.215105413014632,1.42706065276225,0.197879063095026,-0.286116152488646,-0.745264984601434,0.13800130651668,-0.265198584006118,0.0943396179063317,-0.529306074194672,0.19475162193074,-0.466942699442534,-0.195458643069855,0.222343987235766,0.282483377373594,-0.274025528438876,-0.706508189246962,-0.130367310996415,1.02603192152437,0.297644625386481,0.404273997447243,0.37282535381859,0.214960954039517,5.0,0.0
3819,3337,1.24875940529177,0.306506355812347,0.291629376509938,0.701385351390564,-0.420039971114504,-1.08391461042945,0.0578462177529892,-0.176477999958901,0.107576651016831,-0.269743622279773,-0.150958452372372,-0.0301082407288701,-0.272293466858562,-0.18738053398015,1.14913095524325,0.502361467016381,0.0234124564608193,-0.237291297908665,-0.196292622179677,-0.10517971599588,-0.291084141669129,-0.872694053617911,0.132098270479234,0.331902227784352,0.197833008469938,0.0956794942085534,-0.0270335204482546,0.0303983438352918,5.49,0.0
3411,2926,-0.378461507466819,0.574339768510068,0.960763757030379,-2.21764976152148,0.295183870359306,-1.01516959411923,0.99025662258106,-0.213098562401208,0.761001566817791,-0.948517459028637,0.87477535251026,0.226141452873287,-1.32791867313743,0.472273776401019,0.326504027520252,-0.236614097353876,-0.880160124788687,0.779458557801459,0.321018685664571,-0.0175400908883068,0.0777752113349478,0.517009580462861,-0.336613367030446,-0.0263332265953489,0.0507811766128073,-0.832612330840283,0.227521222343718,-0.0295667014698526,1.0,0.0
2989,2542,-0.579799086364375,0.529267721062191,1.36555858160448,0.964230457621045,0.43850711339503,-0.902953930463515,0.882084849333454,-0.400179528133383,-0.343607209968317,0.132749021953735,-0.505526707605504,-0.466123926864235,-0.465846239405841,0.200061772040174,1.13045326135553,-0.38355895494223,-0.276041543461424,0.147385886286848,0.455794220164409,0.0452918857263573,0.117070185286164,0.491607517218102,-0.0210432781000811,0.388467766065179,-0.265277858267932,-0.369379104140031,-0.126748647462883,-0.0204159032378917,35.9,0.0
2761,2300,-0.354728319050057,0.9669041858192,1.75972499189857,-0.189578418061846,0.18592857840896,-0.526919216622424,0.840483900782394,-0.172150267788281,-0.597872554676163,0.0527547893844818,1.49025992710062,0.865578496574545,0.516300506663706,0.0110083631763217,0.112119966358128,0.284051780226098,-0.782145451819208,0.0419802745184446,0.304290210498514,0.212291982538853,-0.222656780026714,-0.406951979633279,-0.0862011773813925,0.326870432414401,-0.23123713114356,0.0234912563863288,0.102654723352801,-0.11118888856639,1.29,0.0
267,190,-0.913599728792569,0.16226210632905,0.541428518868637,-1.93179872549377,0.235401733530045,-0.209262872188661,0.770523384796375,-0.407194915628311,-1.37475419380202,0.311187600807724,-1.71558068462715,-0.153918075825514,1.92285052034559,-0.484344945312324,0.194711382184222,-0.8257272104282,-0.902511054847803,1.21426050987294,-0.739848411577567,-0.591835527903053,-0.382551785833199,-0.546739014611405,-0.320021560350216,-0.928384590261589,-0.0800092483788183,0.908687227395315,-0.286880970883231,0.140450013154078,99.95,0.0
3248,2803,-0.438307993231323,0.73129911319471,1.31208991717575,-1.96592482335567,0.164306773952513,-1.32188164800238,1.15708521700438,-0.380174605356713,0.682744231612773,-1.21609169836811,0.480903384602373,0.87388050801087,0.401075510063642,-0.0054176865500802,1.01640332698512,-1.06300955608208,-0.140230864042996,-0.669916782697178,-0.665266871134524,0.027914414619705,0.131467930653974,0.82698787660214,-0.209480364209768,0.632149572228486,-0.0459818648559237,-0.84519674220865,0.260826392132676,-0.0101256222790519,1.0,0.0
548,410,-1.08613338221984,-0.704547684480861,2.32902144681757,-0.885715003172822,0.617676502530141,0.478894181684868,-0.267414204115627,0.354041934463239,0.55899942042092,-0.788077564086717,1.23745212113615,1.36027263897733,0.170853648895912,-0.697620980945394,-1.20392358591449,-0.465259958557472,0.0559944971886973,-1.00234955668196,-0.565231849826296,0.188552303048325,0.0211190160761835,0.213191885265638,0.186858111994988,-0.207543079425841,-0.701079923979085,0.737603265923967,-0.0932687124078762,-0.0853723639347092,39.77,0.0
468,344,-3.49598374713741,-4.08841987249722,2.02484461194579,-0.74036273805294,1.12813456738835,-1.23170169938276,-0.0865535583222919,0.157807359558066,1.67762074043078,-1.94685990082761,-0.741919716112826,0.467513416317135,-0.679088049454212,-0.446944123223456,0.122393378781645,-1.0754348768879,0.221472310768926,-0.22843694414608,-0.0270899343517257,1.63382266279529,0.361562297711427,-0.173006265476875,1.28044573660223,0.0126965169024786,0.760878573539122,-0.828147329232589,-0.298700036934227,-0.0616151701089653,456.71,0.0
1297,1015,0.0366776800565871,2.25426620848484,-2.37688373505011,0.86311741293015,1.91009354036027,-0.759199950742973,1.39056294864893,-0.666098652113274,0.834693947055446,1.14810529129283,1.63186258719126,-0.485895846207064,0.155518183326908,-4.44084830743657,0.614852159915229,1.06089972725891,1.71070008657171,2.25729256027519,0.246812303357711,1.03372177595806,-0.482328029722198,-0.313039223842848,-0.162716220009589,-1.38970330285663,-0.123330639069742,-0.398016741111169,0.288289068795039,-0.377157161670579,1.45,0.0
2077,1601,-2.39982691511431,2.12974983248243,0.376298584029834,-0.867666517901484,-1.09535869832896,-0.912192099360246,-0.188161178739936,1.07335867239883,0.569406653754258,0.64007028559585,0.718290636967161,0.429352590903494,-1.6563058288242,0.682579059649678,-0.852868163441999,0.337524845037202,-0.0877723827130542,0.0258356842442173,-0.161610561442651,0.345853584805576,-0.209611056162331,-0.481867175863768,0.116610840340157,0.490285228152272,-0.0192349205059761,0.295787727335262,0.564129232476753,0.347281514999009,5.0,0.0
1810,1406,-3.96562271286613,3.07592364850594,-0.631577101227187,-2.83497653785006,-0.719600710281891,-0.310427040501542,-1.2665904760148,-6.39094000171396,2.15189585990222,1.39205887954946,1.65612269859478,1.45084050012194,-0.639590121918154,0.254250763487797,0.320821979365419,-0.731976672943616,0.0474681466147157,0.264720753646012,0.584135731865086,-0.710293884283696,5.881404868533,-1.6331299115319,0.881462667664483,0.45047653889205,0.246250325149047,-0.189721351487794,0.286569581225438,-0.414996355337776,4.0,0.0
986,744,-3.5900235269187,-2.61234657354237,2.32292004834584,-1.8396666403005,2.87683468746746,-2.92905906273881,-1.62204862370213,-0.738849359208119,3.21228038176326,-0.010523474668369,-0.538572690874013,0.451516033368692,-0.635959708124948,-1.28803508570439,0.133763874502234,-0.258804228459774,-0.961071027989039,-0.260277398311473,-0.557072453828164,-1.73081299805422,-0.754386587941854,0.160377428625225,-1.92064790867343,0.579340188823716,-0.117107121164818,-1.09664765350165,0.639569326983905,-0.802699995369106,0.1,0.0
2941,2487,0.981212505731275,-1.08828585677221,1.32492116143129,-0.424197568971253,-1.15295686645293,1.43501530891355,-1.45078095808288,0.581700984289123,-0.323739592617969,0.384379931080263,0.714601396443955,0.592824169318348,0.873316210864662,-0.3131333073182,2.5336606208001,-2.05790705683272,0.906941223516752,-0.371605554344422,-2.94451830090167,-0.447315737846382,0.0386635482782143,0.659295241709882,0.161075018805144,-0.58950082172766,-0.315863695607382,0.805456510750796,0.0920450022123613,0.0344401340379956,74.0,0.0
3434,2934,-0.678248828430597,0.759137860882593,1.06553051757312,-2.20384319890616,0.221384195096297,-0.854073795966171,0.952541950995936,-0.129132066674094,0.82609360932107,-0.702475176906387,1.69285342650374,0.792085779636032,-0.888409679251479,0.352493842028641,0.492678349789813,-0.733129205088825,-0.446964206778967,0.0715690573995321,-0.274067799288058,0.0993746290608487,0.118057705481271,0.753748190597718,-0.235520751337911,0.211114914794402,-0.0235951465192165,-0.833580520563704,0.353181042298427,0.0337158442120182,1.0,0.0
3125,2703,-0.914400839728076,0.68917467351406,2.22953760674901,-0.0394538637030692,-0.139779014945989,0.280469681435141,0.126703877353749,0.253905612329489,0.283618336053118,-0.511223691106123,0.338284346876884,0.744927161191851,-0.193202540192634,-0.386641590503025,-1.22536993722532,0.557233196556072,-0.942135007842909,0.612838287212206,-0.469732764622055,-0.225976956022728,0.0930364036272661,0.28532292922471,-0.223356626004242,-0.0054515984168596,-0.152744098647502,-0.639611044638277,-0.104047570842392,0.135891516773825,12.99,0.0
517,383,-0.90790897460877,1.62222322404833,0.0363813619124195,0.526253581724911,0.343559944637381,-0.814125699345664,1.28635297568485,-0.513283984576902,0.650091220085366,2.37453340136567,1.27695541214439,-0.156640261398235,-1.34623856989971,0.0858397911710595,0.256081498512871,-0.596371655009943,-0.624688057800786,0.376031456230774,0.584009906789579,0.593289305423901,-0.118734907281633,0.640328805130486,0.0223386114725843,0.297445257624226,-0.650607852279329,-0.530175348330921,-0.0422957605017809,-0.490801708759845,17.99,0.0
3445,2938,-0.636283498123772,0.692499164285104,1.06076902366231,-2.1384639284168,-0.107337349092161,-1.36226830302124,0.92261390183174,-0.177551152573688,1.07025199059812,-0.611711284953722,1.2010735592456,-0.137597618433997,-2.45674018382684,0.640226591554119,0.414968225545369,-0.366272214956753,-0.634471662309608,0.715233433340136,0.0949150254638277,0.0293716318537667,0.0721934819656394,0.509350269215746,-0.245940386612248,0.479083330206895,-0.0045413383235353,-0.857975338770552,0.326316417247519,0.0337195675214035,1.0,0.0
860,654,-0.833568321319693,0.606174187718198,-0.0513290997439712,-2.09144689103848,0.968764271043943,-0.0302203181640576,0.887288295521672,0.0990090211989518,0.834622091495584,-1.03121929295681,0.765432355506169,0.71915376440059,-0.598017425216081,0.56664945932943,1.62726475642706,-2.12452861459867,0.896534637115577,-2.17792542597293,-1.72012285122104,-0.375234904811245,0.320782264753999,1.23955917728314,0.192074002286453,-0.621024947999078,-0.843584365382797,-0.835689790172385,0.164383984556828,0.274361005101437,9.9,0.0
2974,2518,-0.742733147136327,1.14700004757332,1.46262868636991,-0.253061380992354,0.200639444938586,-0.106571579497038,0.563720572442377,0.185569874679708,-0.578618647750562,0.0995893779675778,1.66870142037009,1.12795807876265,0.670025156650526,0.149013872687471,0.335471337352994,0.0492139195162431,-0.418003585340223,-0.412684110003946,-0.0886432508519601,0.247263701304659,-0.172252931211808,-0.330593497233284,-0.0054967622802896,0.0160174086692248,-0.220536933697461,0.0860504676097719,0.394124911425245,0.16765249480791,7.14,0.0
1670,1296,-2.35846102967584,1.63870488921915,1.20569408596306,-1.0998980238877,-0.812253972638334,-0.590006496788781,0.413121220154432,0.0697908083903994,1.69411934981367,1.37954087585378,-0.598103362635137,0.688896103823147,0.92140441304268,-1.2469862136906,-0.484338904786298,-0.0116928142543202,-0.412460706872618,-0.474952705217699,-0.588902372451452,0.869327204677658,-0.165375258353811,0.469874352191483,-0.129854468577046,0.494430763242646,0.253293975659281,1.0220605953846,1.01792446417068,0.772589148952952,41.36,0.0
1600,1247,-1.42733501108134,-0.172234447510589,0.334924538596957,-1.9392802913929,0.280493227217172,-1.9768530116623,0.0142077924098223,0.369486171326693,0.651923070559,-1.50859127175909,-0.142871381357655,0.144804163787096,-1.23700816753329,1.00117994632659,1.36351516656342,-0.965197562545842,0.485987387966336,-0.537400142230841,0.12162097293771,0.100942503355994,0.200903326376288,0.302897049257777,-0.0711306634279677,0.434116824576639,-0.231365850570629,-0.129275695523451,0.262172912316429,-0.0119765476008615,1.0,0.0
1047,792,-2.496329064468,1.15744398941357,3.77023623621994,-0.230245802641252,0.0070652764244232,0.506341124149011,1.62915243285578,-2.26729443957874,4.3049037767394,4.07999518010006,-0.190425990537776,-0.684911953763498,-1.25584215690022,-3.88675051110294,-1.26582780000965,-1.88003601644337,-0.48842547937615,-0.903020541643313,0.575993521114837,1.03569037439,-0.594643197297122,0.105964597461343,-0.558558695937588,0.732507044196592,0.0699489033686387,-0.0307335780840898,-2.88766065635479,-1.683654599804,3.37,0.0
704,532,-0.681072116349521,0.926830781821228,1.87116142144247,0.923396723872737,-0.438214643325824,0.110162581921273,0.918258554397,-0.22289940320778,-0.0403601021614204,0.239503151043609,1.03984223348422,0.386524122485724,-0.983549025288702,-0.061619868697237,-0.602061726825642,-0.580104457068764,-0.0775078393777782,0.190753125904653,1.10921626033958,-0.087599046502025,-0.119717943179072,-0.131065010142087,-0.112667362073595,0.518058970569416,-0.330416688211359,-0.581855285428743,-0.363707080001308,-0.111442271274732,75.17,0.0
866,656,1.18432052513528,0.203604410747404,0.380184857537774,0.642172653642393,-0.521686628268884,-0.889243856343578,-0.0796589541915631,-0.0068406177951385,-0.0693293386689985,-0.0839747365762386,1.61998545272289,0.384612441245479,-1.03323569711545,0.149814466406517,0.50463437742172,0.670114437607569,-0.11677327566514,0.271244862190193,0.0199172537763043,-0.13464107655348,-0.231287356827928,-0.777206191278187,0.149367168693804,0.464587074913482,0.117641029063161,0.0674029804742402,-0.0354394372735793,0.0215116799220558,8.99,0.0
2345,1889,-1.82381314563219,1.5125149943629,2.37447528672225,3.0069431097704,-1.23784383708182,0.959360860018762,-0.646261145444377,0.880435257106306,-0.184697657137607,1.29205988506293,0.449758269380546,0.455079291146756,-0.635538039156918,-0.314306156313348,-0.981610683447075,-0.300992578626199,0.525119822834161,0.712818280938338,1.28039649933072,0.307970064647846,0.154300328759964,0.802978029533539,-0.273087173739068,0.573943606752905,0.374765722811151,0.496034445720036,0.195773420087568,0.246615852629193,29.95,0.0
2166,1676,0.4768712131181,-1.59307762599303,-0.0453912742693492,0.057384112363554,-1.07733953104911,-0.278705292755441,0.243107235099237,-0.122119163878424,-1.50320659587416,0.6553578576772,1.75490885496213,1.00375111132357,0.535854439549974,0.540335960822781,0.345685795321085,-1.39778118733703,0.0280204475401321,0.483429258517398,-0.941854007244029,0.329130125397421,-0.516562752283954,-2.02242010053147,0.0195482132619914,0.167983730254437,-0.313185259535936,-0.0671318842143674,-0.089715476432262,0.0831378840945067,421.5,0.0
1243,957,0.0823037310619211,0.479129288698055,0.951227133685849,0.707433143432586,-0.227497540144653,-0.0967741463790201,0.122412951295328,0.129038265708325,0.545991055109286,-0.134794394951954,-1.00637346669277,-0.523245288577384,-1.64289673930056,0.0723763017571666,0.0033542148304773,-0.932389154009437,0.618262805187412,-0.576992377656368,0.512570501275507,-0.221124472596892,0.115344105715988,0.546632624135495,0.111998928325261,0.104136601606006,-1.17928236231323,0.323375938099632,0.0613044172029787,0.158291032367898,0.95,0.0
3195,2782,-1.39700229839109,0.663748957044499,1.47796568263226,1.21056110512718,-0.915532755844055,-0.194183259930988,-0.139321504363171,0.51153617597857,0.367230434340529,-0.231594479980426,-1.23074191622213,-0.304814029542078,-0.969911938580307,0.100125972219024,0.320891140451225,-0.293005643681735,0.270578175035671,0.408944910457011,0.567884443987459,-0.0695604095456582,0.200518978081871,0.674204723068934,-0.182790008196641,0.410812752756337,-0.0673861391570205,-0.191002881938229,0.052131330255819,0.177782979343661,68.23,0.0
2135,1643,1.24658505449751,-1.49875184443561,1.26983268866858,-1.18764132033626,-1.97385235967863,0.356107252053284,-1.61832895885543,0.239755911171397,-1.43064017156851,1.32898122510186,1.34288117721007,0.592602673597661,1.06395042474629,-0.863044418778753,-0.772374379618867,-0.667001262474377,0.788274452632967,-0.051514127425364,-0.249328625040888,-0.20467144909877,-0.107851873432269,0.171088263404951,0.0516357272287858,0.248405210686049,0.123354722176293,-0.204316422113087,0.0865691527073173,0.0323042102321791,68.0,0.0
2312,1855,1.35518807707354,0.383239249260772,-0.261431892774158,0.355805872072785,0.392740920179836,-0.249926976506887,0.119705088586956,-0.166610319704387,-0.0112308210744781,-0.307801300510691,-1.16101988763707,0.263470081197761,1.39347808057868,-0.55499905853545,1.09515214490198,0.843591689772161,-0.566935157984826,0.0444650925586414,0.322975102414597,0.0241006154577719,-0.368933749027861,-1.01231577224518,-0.0549563085685638,-1.03174620162327,0.434076567035497,0.178122682729534,-0.0189151084878958,0.0186394160871257,1.98,0.0
3887,3449,-0.949625927394942,1.20490006062762,1.03514608841617,-0.123517029143208,-0.32954426548371,-0.793883617574049,0.37411948132467,0.301456216947528,-0.844464017002442,-0.322227153728734,1.31213812058047,0.97086295582834,0.19228591610128,0.62581338510418,-0.0881169662199615,0.320283973337347,-0.393106009665237,0.0758529751622159,0.304521770967046,-0.199188269348817,0.0545926608160586,-0.0854222829971523,0.145607232389896,0.544281330701671,-0.639682116537979,0.114622268761927,-0.286870254184908,0.0831572434945549,13.8,0.0
818,624,1.22194204736868,0.284236103955153,0.655659572847237,0.697635989368564,-0.584814363906884,-1.16038980327625,0.127886491773851,-0.268962610498605,-0.0856345493947036,-0.0908220611278628,0.197564860213678,0.854420984915365,0.967915640491332,0.119746564100939,0.931220285822936,0.175280250960929,-0.344396708195115,-0.734275387983668,-0.249552532548674,-0.04176453840385,-0.22283014927568,-0.630495049695511,0.1611606257762,0.726238726831818,0.194791100902022,0.0710758456020737,-0.0255445872220236,0.0252837869988304,9.99,0.0
2382,1934,-0.22107594157609,0.622814370080997,2.00865562402084,0.695714888239272,-0.269348858860394,-0.576361817904564,0.616767296728616,-0.239735722738335,0.145053219670177,-0.245766593692729,-0.619636958783343,-0.139156953870162,-0.692389084849049,-0.315268335105636,-0.213995716105944,-0.897076607578561,0.390083309768557,-0.369346948771982,0.894230545177234,0.0446931581587963,-0.0108264233020722,0.368450009241653,-0.195933472756408,0.763727194476567,-0.288460630813244,0.41419730362926,-0.0427338143291479,-0.0850781510466671,3.79,0.0
1089,839,0.486337541461418,-1.06365012242428,1.95000186457828,3.29985708119575,-1.61743316500407,1.0931294284401,-0.811581745562596,0.340450322678111,1.0225004888224,0.0851063659998735,-1.53982009306889,0.853765783635982,0.617512435336324,-1.35249348252623,-1.9421540088249,0.117773904600598,0.0562863498159666,-0.10810001750159,-0.642675915670839,0.453406969387913,0.245702657850222,0.566512301021773,-0.377002254240658,0.487004421693653,0.387864638859375,0.216909600653755,0.0438901784990729,0.0916528483546807,293.34,0.0
2865,2428,-0.322984131968254,0.711643600942309,0.896844368569247,-2.15272907452942,0.429933792054456,-1.21549068954998,1.17494872722504,-0.421006511206635,0.841764215948796,-1.15404065510274,-0.757533623232946,0.151177628656699,0.0422579502259905,0.0156962388001168,0.901189794417479,-0.443742116883789,-0.761340668356206,0.183879348428499,0.0853489372655243,0.0572454123163629,0.0296476511163277,0.476990938168687,-0.359697872707364,-0.104291613850874,0.145479791515898,-0.809105160283306,0.239336902260192,-0.0183675980487125,1.0,0.0
627,478,-0.394363940095324,0.962488927143593,1.16411130483157,-0.110028408950155,0.221215517544595,-0.526324364631051,0.505039916129875,0.147742879949019,-0.499457132729545,-0.31149873827367,1.04904093563352,0.0552689112713554,-0.754753358783594,-0.0817977138460812,0.312033558976671,0.712748003167192,-0.312042725602174,0.568455680423752,0.328515113555766,0.0912810551649795,-0.240068778839634,-0.709400243701796,-0.0513373283819809,-0.0712399596496812,-0.173978437748283,0.0776610305812201,0.234552586658105,0.0838748128793158,1.79,0.0
2172,1684,1.21884427666736,0.183157438529334,0.968740937093517,1.03948669917893,-0.607498172410227,-0.326604421911502,-0.37263357817039,-0.0216801441858165,0.373037963111318,-0.0659145754011723,-0.616371104373041,0.460994664022576,0.878388660052958,-0.120280127825528,1.32688224846404,0.640285270728428,-0.825063908023589,0.237493074155896,-0.446283528856865,-0.071587997258692,0.011637512985196,0.10551357667303,-0.0280784726133762,0.0221688724587182,0.404862810239102,-0.418940839517833,0.06133702100735,0.0362820933357537,3.45,0.0
1290,1000,1.08340460595943,0.0343210310130035,0.47230111097937,1.34639206592948,-0.310584403476561,0.0034233800049726,-0.0986628065411583,0.186339805779944,0.203681958228356,0.0746886813429267,1.13244259126227,0.626087625309336,-1.4896029255344,0.524115414331412,-0.671652000400043,-0.526159907606386,0.157897831095623,-0.39441916045492,-0.150180368223139,-0.240701072856205,-0.0437332040798726,-0.0144725056564703,-0.0450202183530965,0.211587415768362,0.559625411362164,-0.339989301107659,0.0259424718333467,0.0073542730826926,20.43,0.0
2358,1903,-0.828850660792893,1.04499268636289,0.918148144863399,0.284691757087116,0.875524031425803,-1.51395315027016,0.848473391731561,-0.148035671747712,-0.783848854636539,-1.22780728269898,-0.0847785032242579,-0.903938827022414,-0.942590743887148,-1.22336622717002,0.921164600766591,0.441345429107764,1.15375841153453,0.554745567022472,-0.105574818814717,0.0763943483578568,-0.079528430243118,-0.380193045712797,-0.319608081966863,0.250326140447848,0.466284062311931,0.403855253518547,-0.008688841771402,0.09683281808082,0.76,0.0
816,623,-1.08475367170315,0.495541947031431,1.17066771622353,0.537479054868058,1.36647938570602,4.88599592815603,-1.36609794306256,1.87525426793724,0.600988419955933,-0.636978046847482,-1.4015741617524,0.374262095389592,-0.23038430676023,-0.635259118625113,-1.09004776260998,-0.635091611036932,0.435677896896944,0.438674400422429,1.76708562405177,0.228938663608852,-0.126041447778941,-0.0754542606586985,-0.329595876523154,1.04436698440995,0.577033413991306,-0.063467833046098,0.296040993597097,0.0635246391266044,1.0,0.0
360,265,-0.491003017302294,0.906952627077483,1.64542281975857,-0.0835311021938869,-0.195560099221421,-0.710165000567951,0.559118538140669,0.11634025149828,-0.538190203722305,-0.122023316581271,1.33297073086808,0.24154718539358,-0.960824737330713,0.526002678860792,0.22936824295849,0.377199880619456,-0.520008382536953,0.186335971636626,0.230867162187187,0.0627566740593696,-0.16806729699576,-0.517387140513931,0.0186502119982566,0.49165164795184,-0.277795388237676,0.0438408610056926,0.253371621535344,0.111749327120591,9.03,0.0
1993,1531,-2.84470859779137,2.73421009417174,-0.499036829944946,-1.03462296094847,-0.776265330059931,-0.668750121014859,-0.356853369710796,1.31307055852249,0.591928966319807,0.496891704494009,-1.66570797652894,0.736499926314098,0.869186298958735,0.233256055995874,-0.341247096219103,0.441240408794565,-0.181340580393497,-0.376269324387772,-0.108078138404007,0.536069245306729,-0.28924397457344,-0.643685545655174,0.0273946830608643,-0.43267440500897,0.296821301705622,0.376164469002362,0.556132513041865,0.352268099540918,1.0,0.0
1014,765,1.13222184738167,0.248952072836239,0.882651950885067,1.0455148044943,-0.556093113981051,-0.536001567720059,-0.114309506427822,-0.0165756091036369,-0.19185045584452,0.105714731075761,1.66746375240658,1.40659839578983,0.678408701081273,0.298666927001978,0.376906344193675,0.478638204157915,-0.765339714548634,0.150664331375095,-0.164024509446926,-0.0586886017329281,-0.111616472482832,-0.355485815515014,0.106574674371015,0.505756772816631,0.260996219854045,-0.65655942352297,0.036037135123026,0.0300173503007551,16.45,0.0
1836,1427,-1.33491100976801,0.215967515351117,1.92953129028008,-1.32345970732962,-0.36548048448797,0.290734517806003,-0.636624426245797,0.877961589779188,0.0163757707914767,-1.03220696422953,-0.296406339002488,-0.377281903566269,-0.939451310857263,0.300257194729822,0.49642776753931,1.80408687575202,-1.3063732741296,1.43868315831096,-0.308872624313778,-0.0512352046898343,0.289921844731338,0.406639879758243,-0.363253557829297,-0.802248766591052,0.208417887207185,1.06650701173671,-0.154521504616889,-0.0744755715525268,27.0,0.0
2688,2226,-1.09346209702848,-0.0220314814966146,1.6980535537928,-2.01555390648521,1.32909462032884,-0.677082963254575,0.540751374382514,-0.136681532637704,0.151199668058509,-1.01666765715943,-1.76034860321248,-0.710991204500916,-0.123045829099494,-0.299407535510527,0.263778925522662,1.26418672967304,-1.54342444464855,0.0319102269195668,-0.934274100795967,0.0785978248236007,-0.185439662900021,-0.692356171310755,-0.341789160486872,-0.986179780963043,0.436217827013482,0.720501509466235,-0.273701064269794,-0.184338696298673,3.81,0.0
2566,2108,-0.380710480221042,0.770892294439528,1.25313807679825,-1.9639045350335,0.0736005567362299,-1.67551913088223,1.22740053143783,-0.503026143725555,0.707480541532771,-1.17032672590316,0.0679734691506499,0.696519221555424,0.411158879662224,-0.0369840194453252,0.784528594788273,-0.708447043516784,-0.490734421798959,-0.148296812066814,-0.229086357036532,0.0634032818230141,0.0897980126908922,0.670982674653273,-0.263867803740604,0.736108950484729,0.0527395668016642,-0.861990464536968,0.243774578543976,-0.0088977124474359,1.0,0.0
1407,1090,-0.547201817545711,0.641339948183964,1.9045564266926,1.41904240774334,0.19197710802898,0.0033810623660568,1.04865140304603,-0.224974505880004,-0.495255294122039,-0.218095517925765,-0.103867216580866,0.537769893757591,0.533982472534992,-0.28244397260184,0.188652382263933,-1.41888324052982,0.624926565414899,-0.870585593769777,0.647972590716835,0.306577088509452,0.0183790458763688,0.34078548389211,-0.0568758989728309,0.428364042035292,0.111533108250494,-0.244160690744587,-0.0369646126235545,-0.0997489318897743,78.03,0.0
3061,2620,0.963303235152206,0.281584370672541,0.0692072646633751,2.44990207811314,0.136696508251186,-0.165460470920924,0.403000004257634,0.0519408940415879,-1.1195999634146,0.865025647850332,1.31895995159654,-0.0590023450925487,-1.63311541643059,1.06868753917102,-0.084862314424434,0.254143943257586,-0.288970196147262,-0.322977696698899,-1.04958287954733,-0.113548761228926,0.112279757795892,0.0353608525069779,-0.11934523596499,0.199707848732377,0.519057536133219,0.0636641582120938,-0.0525639880688425,0.0103066595294655,88.29,0.0
277,196,1.19865849537628,-0.420333822439695,0.0145991576913241,-0.270792868157849,-0.471074009012534,-0.384610464775999,-0.0838904274051245,-0.0775699828115974,-1.5375078186307,0.846368148744967,1.51257605461809,0.858692689127284,0.410549917071739,0.529565297813102,0.14744838506096,-1.57395102771633,0.0242884771316151,0.499010405487753,-0.739676177653824,-0.401552281854424,-0.630205814566185,-1.50443199682382,0.193770549695669,-0.0174580242655623,0.0583869116727395,0.145372851977081,-0.0349038372428145,0.0110370355622865,63.9,0.0
2574,2110,-1.30713065244677,0.350116124598342,1.84767469058795,0.514478959796071,-0.493473883450521,1.01274550510784,1.63410654194299,-0.447430525525936,0.299692934603386,0.231605354444533,1.22215874363585,0.443401682152105,-0.733459024344456,-0.498600997652238,-0.517529319794876,-0.436780021225627,-0.325736773530776,-0.362520599965914,0.257842997149042,-0.517011903231376,-0.396341734637443,-0.293323168503852,0.109159770441435,-0.0111744940947699,-0.297912519390394,-0.75092088224542,-0.441860611321161,-0.423837121428013,218.59,0.0
3238,2800,-0.63522254116641,0.797315580054148,1.09085153485006,-2.15252318117237,0.0217851788402929,-1.32784535475033,1.02077433794475,-0.259747846154584,0.85118004276633,-0.654205975751381,1.44781093999802,0.631882670838177,-1.00990935822153,0.3522893157483,0.256226079780477,-0.434140109664169,-0.717149929898814,0.5377246762807,0.0851466182682805,0.122070828728554,0.0888285274726599,0.627842407911518,-0.263306630042648,0.518696304428403,0.0444129666483235,-0.862823771498169,0.335774703286141,0.0368268946248094,1.0,0.0
748,559,-0.689943486143964,0.115395704104174,0.619567778933056,-2.25678862591499,0.985793003843296,-0.667985526263331,1.63114813794471,-0.939184050830284,1.89668995884662,0.237535560571943,0.408860570503401,-0.303664903883259,-1.9450990331349,-0.360861399676912,-0.367509950484475,-0.786716246292675,-1.07661844703646,0.606707637040172,0.7792079262853,0.0827883775641033,-0.200851366343123,0.485565476145849,-0.427692142410384,-0.510044262954164,-0.109329880070767,-0.906514444013466,-0.318317114883133,-0.599254814981976,50.2,0.0
1976,1519,-3.15890513033919,2.47507162908504,0.0514142014876089,-0.896920131881522,-1.04056086973289,-0.972096158694499,-0.273748681490586,1.13071306751059,0.542132959028628,1.01547418202517,1.0302173289524,1.53607475406081,0.323778166166297,0.283694963970661,-1.0286440169813,0.273773379051554,-0.159917119190764,-0.23230960905517,-0.170839538314719,0.382448548017318,-0.26745002849848,-0.304750339543057,0.247925744868332,0.542443172676487,0.124237649045736,0.267672867408584,0.335014948840131,0.0821457265729679,1.0,0.0
618,465,1.26376932818278,-0.197754840416928,0.326901206257954,0.274103867306805,-0.476462136813776,-0.117241343095333,-0.334771046809079,0.0040879471493243,-1.41438186338999,0.93160467175181,1.38789262735929,0.951115872394778,0.721499343548776,0.355295336725777,0.259614249696903,-1.57672420692432,-0.172808125076294,1.17285424490132,-1.20505488526102,-0.530571337243298,-0.247242552691138,-0.177196558215129,-0.0097288867498925,-0.0110259706553881,0.491120280953011,-0.315903630624467,0.0554193918870855,0.0130760886084277,7.69,0.0
1436,1113,-0.686024673750441,0.980972434031373,1.60706933585096,-0.153640594354166,0.128109052332947,-0.218427180315454,0.558362566141436,0.138686893628917,-0.678883538458685,-0.0925500071553226,1.79852237375221,1.06058597495819,0.405929451423773,0.240461885559804,0.340722906719093,0.0105687459823832,-0.329642961825126,-0.439957757339782,-0.126946531553774,0.0779609259353063,-0.116566484411394,-0.283227413716776,0.0821632516651763,0.216998892430121,-0.303270368414683,0.0587980715770323,0.155135857104764,0.101100347328709,6.36,0.0
1282,990,1.111383049634,0.277445422517899,0.0779035312870956,0.906023168643996,0.321418059855308,0.206187458146057,0.152259575097644,0.119525586633301,-0.449012324104119,0.089657743856375,1.82222222695446,1.23146433845498,0.147329405621373,0.668637936668876,0.550186155767953,-0.489223852914979,-0.0633471669853143,-0.751963172019761,-0.721089923326783,-0.167305938389441,0.086331008177336,0.324636291626233,-0.0562784632594127,-0.269381775547036,0.558415945763681,-0.318326792822104,0.0333455839867057,0.0018416892002179,11.84,0.0
2768,2309,1.12275823273079,-0.0637384211234137,0.925683930199248,1.5561804600478,-0.587771343971616,0.271489719133271,-0.41959760743319,0.200907163537586,0.944221038798359,-0.240029540063297,-0.934941731370332,0.409538786481483,-0.697600075915435,-0.296361312959805,-0.650934022170458,-0.797387529106616,0.466722529281046,-0.829974329174388,-0.251551408229022,-0.235170879145797,-0.0921042701838643,0.0901313327098631,-0.0627972147313228,0.096614479502866,0.598593557503571,-0.256308510142779,0.0703650084293903,0.0212485254950761,6.0,0.0
2270,1815,-0.57319945977537,0.590815855043706,1.45459318938972,3.00088629735547,0.742890672874092,-0.173994930339615,-0.114077310851463,0.115372747060727,-1.10934008815721,0.976825316181682,-0.518164541502923,-0.864180495456763,-0.849836401365998,0.476011686657691,1.58229249804658,-0.304513805085394,0.299380602791195,-0.186782135080126,0.34974434138112,-0.122219014381322,0.161069881686587,0.505280096248577,-0.164861763619383,0.0831990939510201,-0.509480940840765,0.25659357828688,0.0749928390737056,0.0413134914984742,2.28,0.0
3203,2786,-0.378296931930175,0.629339931384691,0.978830023919294,-2.22370411350213,0.36005172339618,-1.00033058286904,1.04174380135556,-0.256468569338916,0.645978005082853,-0.970763634269093,1.00885786236934,0.630651842657418,-0.571743574048992,0.321924964649207,0.24302643738678,-0.27374806266894,-0.921410216650474,0.684755957675084,0.313816030508927,0.030790930462947,0.0868452787019434,0.58003971911432,-0.345015645592993,-4.75175241681596e-05,0.075659339168016,-0.835493575316845,0.232478145206476,-0.027884339224597,1.0,0.0
307,221,-1.17773139753265,0.318500555804924,1.72712263895157,-0.549578483742427,0.737291972900023,-0.0509632446716085,0.555481889458858,-0.0417560124700902,0.219520198463914,-0.262389264189424,-0.143989694112036,-0.576367217774426,-2.12898031449552,0.0450785549353655,-1.13214151919911,0.311233374868167,-0.739914395729999,0.326510618478427,0.377478043903508,-0.321357316516782,-0.279323707972849,-0.640571456831027,-0.554583863193294,-0.510508093892089,0.403269619295205,0.178327047085209,-0.354579191696508,-0.233332152748617,25.36,0.0
3852,3388,1.1888702319948,0.337754474781335,0.922163149555274,1.17884644619749,-0.659051003066719,-0.927237843816003,-0.02643273623157,-0.165518845954523,0.0638145706558754,-0.0575098943406828,0.0733826993462924,0.745578610925977,0.719064456041034,0.110694587239153,1.07017349453465,0.246773678127805,-0.470005787933923,-0.383440770402083,-0.495320001566841,-0.0978056345132136,-0.162616600895882,-0.4423190118216,0.145048188662187,0.693375253397655,0.278731101409688,-0.645975780398017,0.0419476708577911,0.0395191401073491,5.0,0.0
3721,3200,-0.336442595070437,-2.91281755532462,0.371187787451477,0.817441792136337,-2.06888888532786,0.0745998715606132,0.225313223052355,0.0266828725213084,0.948789090013015,-0.621648516687816,0.977963985056301,0.986726434273578,-0.719324487151486,-0.0303402248380631,-0.844113440166544,0.150992660038678,0.0322191624288631,0.0338297775742209,0.436331751153576,1.45125236620552,0.290477858212185,-0.726698638476144,-0.57851895316587,0.62983660362557,-0.228584703231843,0.832769621147104,-0.187546143770385,0.138939133645959,779.72,0.0
118,76,-0.997175759175411,0.2283653016759,1.71533993769907,-0.42006676656004,0.56083784473761,0.564725048029707,0.84604655039212,0.197490821018941,-0.0972018796653061,-0.439346826403148,1.30907077715745,0.859703136161211,-0.476390307910938,-0.142352493671256,-0.974915531185412,-0.606945204714783,0.0053709711164228,-0.999965377075203,-0.77409641536118,0.244289447785577,-0.0702407620402652,0.0154449531625397,0.0726510659990363,-0.272271751067005,-0.0876815148243494,0.138132122510945,0.125901816000378,-0.0630223201763689,86.43,0.0
3187,2762,-1.37107785487321,1.56318148075606,0.210835912294251,-1.68603816633776,-0.0301908568445764,-0.384218692936694,0.122537421308703,0.454221030566605,0.620358477395478,0.14281888905461,-1.73042265922273,-0.115327424780379,0.61994201674547,-0.15832269022656,0.593939436218488,1.08657443132846,-1.08344977891489,0.0277180292854727,-0.329309193977536,0.34078939228754,-0.221624949253049,-0.567990570976994,-0.106421794523056,-0.981934398890014,0.108914316901383,0.811370465321541,0.226787043005593,0.170982726646432,0.77,0.0
1186,923,-1.7581082716907,1.61941724064661,0.718862219646293,-1.77787656504167,-0.195865996729923,-0.226092427051626,0.242565781697867,0.362982774851613,1.089136127016,1.32844877814994,1.20400450830278,0.407039510506237,-0.62434625575665,-0.183952169992981,0.241794707412529,0.548405372545263,-0.804411675637487,-0.24443818100367,-0.883819326933801,0.734477047772482,-0.233405156368223,-0.268994735663564,0.0389401253471412,-0.308217556127356,-0.0218340061493201,0.784929311625695,0.815947544394483,0.410804394678282,0.77,0.0
2696,2239,-1.69542804780059,2.96206140592398,-0.571190044772133,1.43897937651524,1.24414174862922,-0.769185607550614,1.34173075574177,-0.474741011623938,-0.0335995822912504,1.01093222301062,3.34417101764471,-0.043540736857277,-0.0070563072488578,-4.11834410140821,1.54366254248811,-0.162978970795489,3.17288757638587,1.46978503192759,0.648809788366691,1.11397003357922,-0.321092537452705,-0.151015744892753,-0.397710137990709,-0.103226002722354,0.733486609664769,-0.0631193520559866,0.105111349263799,0.0143159630576245,1.59,0.0
2828,2404,-0.861487999907629,1.14382916321793,0.74521201495504,-0.972180316523431,0.387082578205116,0.0522283956062216,0.343577314537564,0.53093290512552,-0.518042860040584,-0.74635276435401,-0.0198821566673573,1.18672770671267,1.18177015576873,0.107770520899208,-1.0777775950868,0.595653743287383,-0.861824834488839,0.188543430475975,0.494298146727088,0.0265102443926937,-0.162540920329223,-0.398530440967527,-0.208164731702125,-0.788664177339528,-0.0300634708226,0.34652963115808,0.17866324153183,0.0983476568640677,1.0,0.0
3092,2652,-0.982450961097257,1.08665481005961,2.48875090458552,3.03369630220686,-0.895529117759885,1.15216789752663,-0.22710710510882,0.809388452530993,-1.01253783688464,0.0508373140254904,-0.880015501073354,-0.121793421366405,0.0273923845029258,-0.0288718179740606,0.719291273787275,-0.278460995612032,0.698714225469243,-0.187918821639366,0.630283508107025,0.172772834555651,0.0929719447500134,0.195799093150688,0.0486282226060475,0.0807605917444306,-0.0267763063007287,0.27048254446729,-0.007219800592913,0.0408969312696189,83.48,0.0
1374,1069,0.770361370209299,-0.878471420619687,1.14430373525224,0.382111655908066,-1.57772297522246,-0.765326386991318,-0.288977424422938,-0.141918950083373,0.71640605845584,-0.473005821670914,0.168531006579648,1.19163964741766,1.27722250161006,-0.490574646489543,0.597462893462982,0.172347529306287,-0.100290564856234,-0.532552069586266,-0.199274013361848,0.445231462287332,0.118898766966394,0.0406433348902632,-0.0804201083886419,1.03463059812935,-0.0229649551547324,0.939052159455488,-0.0698706497399399,0.062923228662371,224.99,0.0
1801,1402,1.16749086564879,-0.0145375427303637,0.791352754127262,0.393638975146927,-0.400196842240567,0.265557881454243,-0.511405682005192,0.22594959222524,0.0956688240247936,0.0342965896405217,1.35463250237352,1.0412532695612,0.421596135539867,0.201720485701748,0.854783415578096,0.562058495354261,-0.653706676868811,-0.0114860440687861,-0.268372258296937,-0.0835797183403529,-0.0274878848503208,-0.0542874513081894,0.0676028079458732,-0.286483477130288,0.113202936537801,0.245470399924805,0.0082203435988513,0.0097489694694045,3.23,0.0
107,71,1.33189715687662,-0.579961843235092,0.422605531843814,-0.897751526178555,-0.746254209764005,-0.05627323061712,-0.750316963446238,0.128483933549462,-0.964681778278345,0.736391419205694,1.39098159162914,-0.0080488722886911,-0.129421819641027,0.09427715103611,0.38881917965614,1.23661879113318,0.151535043141521,-1.39899032228073,0.672575069400762,0.0524891008907033,-0.0390703365042161,-0.255173945137789,0.109332682808613,-0.328448170015124,0.162253656210345,-0.447275874501086,0.0200705521150087,0.0062305434862599,14.48,0.0
3608,3084,-0.309895824236972,0.0369511775742362,1.17302519836848,-1.19150421357564,-0.170878891121036,-0.459642421217794,-2.35557202932021,-2.25208847659244,1.93700811347586,-0.927617581138,-0.383152648600472,0.886319765739976,-0.514434981775018,0.0862818477424712,1.29861846732056,-1.31075782466511,0.899042012075766,-0.383799573213699,0.999275976425617,-0.602384628956832,2.41785424970651,-0.33462688895587,-1.76748772830392,0.234001084709518,0.320879358866449,0.283767104316257,0.396261531239632,0.290679727027578,19.9,0.0
365,267,0.992495951516809,-0.658003086815726,1.0286425519227,0.333157075647609,-1.23430992173486,-0.322445469378247,-0.445253088555845,-0.0219409018724982,1.06724368479154,-0.529322851284196,-0.655786827700328,1.01870017776806,0.822717544876633,-0.694579172193954,-0.378883778421469,-0.142589557158765,0.0989483601001332,-0.715780302069914,0.425629534532271,0.207353389700368,-0.155753771931322,-0.405975849476641,-0.0303861140715395,0.495300565719913,0.12324381053953,0.927555106539974,-0.0498383851680696,0.0359652838304058,122.36,0.0
3655,3123,1.33718741461417,-0.316711624713607,-0.0772347370489469,-0.555214860074963,-0.70916904064937,-1.5429009569922,0.142798897674485,-0.529407602524893,-1.40595389179074,0.620762104046872,0.318732132085884,0.286242350768797,1.5598804846072,-0.151459909826363,0.240680371453721,0.567156133511827,0.443135049094114,-1.88172440055559,0.487049349918631,0.24386722676767,0.25711991906749,0.642777787209366,-0.182896263306338,0.797507831834127,0.782600267582434,-0.114954693268161,-0.0273912765206774,0.0164799618756779,60.0,0.0
3529,3015,-1.52091507025552,1.14469619192201,1.45005535956322,-1.84486347202803,-0.786337710395948,-1.05507652163478,0.425163062700392,-0.228082916982145,0.180796946306212,1.74162302846873,-0.340816589256119,-0.565931361219028,-0.190820304248144,-1.17996093151336,-1.06265137307519,0.435807487167082,0.397207002262691,-1.895938400409,0.0928307637081111,0.858328800182165,-0.160614668647854,0.171934280536917,-0.165683959369362,0.715588488684055,0.372412308785404,-0.417447721028772,0.696927564802985,0.246085763116813,2.99,0.0
1703,1316,-0.803339973263657,0.861137070995818,2.19042409973175,0.108699122593523,0.0726720868294378,-0.406773992725634,0.402626375369422,0.0603026935842848,-0.253230891820366,-0.628031203254869,0.0179804950416408,0.587008268332656,0.734531092999379,-0.165149165981877,0.799402461579552,0.184763828039988,-0.510656668042469,-0.513686194469897,-1.46982488611474,-0.180574279004354,0.116479266773263,0.322396352037142,-0.0491289446055589,0.382104275879196,-0.397966123737694,-0.701381227178832,0.0531829586351798,0.145646214217571,4.99,0.0
2831,2406,-0.518393743292691,1.10830130697984,1.16356040990252,-0.148487952680998,0.490938843030685,-0.314171246231127,0.792124904788142,-0.106797583620615,0.0004914660043278,-0.0262234973269269,-0.236881936748091,-0.313890135079045,-0.0914479496669294,-0.656768072951284,1.24453455249509,0.102987157482327,0.055869124320408,-0.485114994370266,-0.3359462276077,0.273203727568603,-0.346533704619109,-0.653056467995217,-0.0293123116854505,-0.347863863192876,-0.161375751866439,0.101977382445356,0.206212203022099,-0.0730402624476838,3.99,0.0
461,339,1.20278275953826,-1.46484233362506,0.703284108076113,-1.46252024017167,-1.46298215271897,0.495418813268069,-1.36870900370889,0.236518932417916,-1.93847127209994,1.45474631051463,1.71115605795741,0.18852319063738,0.905905805074205,-0.309828800989634,0.609004727025214,-0.553641586133528,0.664514348045975,-0.139599151240461,-0.907046966221195,-0.170801343617235,0.104263701389713,0.575824820653384,-0.0335038720810668,-0.278811120763614,0.145526145261959,-0.0718954693878585,0.0679362582232818,0.0261318181713721,98.0,0.0
2500,2073,-2.12905322168742,-0.894959463800858,2.28741422190495,-0.580083840731552,0.713907021261637,-1.24535638224442,-1.27659368551298,-0.513767108413237,1.14539263245997,-0.679855908832015,-1.17111694058605,0.0197137214857935,-0.997354139536054,-0.519399690225654,-0.817105260635918,0.145776822848537,-0.0277987005232817,-0.489251946879062,-0.157464420581001,-0.440497500805538,0.459912281932168,-0.719307955259457,-0.256704963644833,0.461408164388288,-0.107974561425671,0.828358821123261,0.519480181851872,0.0735712484495181,6.0,0.0
209,140,1.17547797784407,0.167881282807954,0.509908524918345,0.452332377841821,-0.215763033012374,-0.192103788679566,-0.105403719620125,0.0685168493023459,-0.249733437436787,0.0531427317518959,1.73792686089307,1.25332507136832,0.419214818545098,0.422533743260073,0.56052905321648,0.197461932874899,-0.407984598758528,-0.520951033931573,-0.188320466586913,-0.101553775177371,-0.17614700306289,-0.500566172372577,0.151262949093433,0.0183469698916752,0.122002841950239,0.106306809485971,-0.0149368758024788,0.0057709265263556,1.29,0.0
3346,2896,-0.673571964318934,0.530491724664351,1.03910347149402,-1.29846599163886,-0.0719688818671305,-0.847901052659242,0.121475625593828,-0.237430013169778,-1.2313502254441,0.105252452449427,-0.431391113704184,-0.935443074087902,0.642505409566818,-1.43511023340561,0.653054289110457,1.48846421448191,0.745329504311136,-0.909981087021846,0.864717817588334,0.115689917121775,-0.0329789493742059,-0.321075717830277,-0.0900892000632089,-0.208907856195505,-0.387822811434924,-0.559821305963625,-0.276316924310532,0.213021471984398,10.0,0.0
1333,1041,0.811001536527806,-0.857559725744558,-0.449312101853959,0.339344658796376,-0.495668668383979,-0.753461154414778,0.493522439285,-0.283783570378707,0.352968593355781,-0.290805294989707,-1.05951229646305,-0.228329018097262,-0.642690690060274,0.33067813720776,0.248059182184823,-0.0827974246266459,-0.0782720038178606,-0.454031622207293,0.404081916189674,0.426461328472252,0.0352794969427053,-0.397046663527787,-0.377698875647624,-0.0279733533210402,0.490278653129576,1.09491194969671,-0.15018842777367,0.0334393917402336,274.72,0.0
3436,2935,-0.438914254349816,0.671404018469542,1.29489991078275,-1.9578909646382,0.0905224722768243,-1.34155190415719,1.10099353922552,-0.33320506616763,0.807928201802365,-1.19180901791231,0.339910595600989,0.434177485569628,-0.425684961710823,0.159117899624673,1.10711312456505,-1.02422790196356,-0.0929861397063067,-0.568483207234643,-0.65968492416564,-0.0250565550230306,0.121962190364248,0.759278083061699,-0.199556796535254,0.609513586959053,-0.0739557534112716,-0.84242620922144,0.255421657253463,-0.0119012377667125,1.0,0.0
3339,2891,-1.35641040971786,0.434827663677634,3.1762958119507,2.54259570676165,0.250651224654419,0.471825186849664,-0.0423857896825379,0.0665130523649947,-0.451823125667711,0.552010329734433,-0.336868962406368,0.087098911866996,0.313548021258502,-0.786609375034769,0.206861033445546,-0.248554373382055,0.136882325508611,-0.584805764099156,-0.374377901448711,-0.0975535479423524,-0.0495811037651454,0.285813601891445,0.0199399088943289,0.423205741687486,0.0366985251679179,0.0591713691216257,-0.253715616861445,-0.105176918970558,0.0,0.0
301,218,-0.391724600264259,1.10635499488511,0.787765450694913,0.510525487854581,0.832968318842617,0.151659325515572,0.5881549734613,0.312914372921693,-0.77282874709273,-0.868831245739975,1.88122615520456,0.0626186661009641,-1.07083046675534,-0.701764787574994,0.742399217629336,0.0455693590344339,1.01669607185948,0.305578303553397,-0.865471673638907,-0.15576700662891,0.122192274163848,0.365017683317253,-0.213949885268669,-0.421854376547809,0.0453554968738312,-0.323299424971811,0.0806588331751822,0.0378891384055646,1.0,0.0
3942,3552,0.800781844357962,-0.68031556738208,0.159962394564556,1.28743547922059,-0.301997393656237,0.58156844189599,-0.105455333325154,0.166531200431854,0.665546973972239,-0.166850945791194,-1.50505823288307,-0.503122338439981,-0.975019805811439,0.195213553288057,0.835652739859292,0.123672862294279,-0.303435964431606,-0.0726704891272204,-0.360729652260038,0.217108685888582,0.0619746650429714,-0.17498007216653,-0.322028958653605,-0.904035129867557,0.496237440475639,-0.266727034531709,0.0123869013233658,0.0510155509109307,220.45,0.0
478,353,0.150998913806338,-3.00211987419831,0.82430140640899,0.231721086027853,-2.62141526328587,0.128843083189467,-0.755233268800306,0.0959555802805319,0.638218705992502,0.0964622967819154,-1.22141951665696,-0.993401341119407,-1.33191143183896,-0.753668679797075,-0.565549541628519,0.934498499034863,0.805874339477824,-0.950142236402365,0.640846633873548,1.18005022508959,0.521718970227453,0.320296979070999,-0.591253399043825,0.447557232684461,0.164080410056999,-0.13189690197906,-0.0475469262201371,0.130266352106232,611.76,0.0
144,91,1.27613378318593,0.211469551986265,0.143000512396923,0.370050108552843,0.154747757298249,-0.0322548065974183,-0.0030296360740745,-0.0388869021977905,0.0307145094041013,-0.121891338443057,-0.66775952719129,0.416796290222112,0.891448167065232,0.12797407776385,1.29579881405919,0.233767076313957,-0.475059864014191,-0.772852171030794,-0.164436556339477,-0.0686876456871939,-0.279653853055914,-0.747703710787254,0.0568079591166163,-0.759463816797418,0.271640808310009,0.174757089295966,-0.010770298927071,0.0081037478688912,1.98,0.0
3570,3052,-0.681832179423239,-4.06245524037677,0.0451940016246259,0.563689945687396,-2.6150492396796,0.0953032764176497,0.365381711903598,-0.264965574361722,-0.154288515370502,-0.0848824069430878,-0.902028302647536,0.702098869487545,1.21387478805512,-0.626643366505569,-0.451260807726143,-1.4835198434748,0.365400260975171,0.827888375385298,-0.698434961030526,1.6687495251455,0.040381468326075,-1.4735145594646,-0.758674682690559,0.493265351498443,-0.323852288340011,0.799257214779779,-0.196105660356657,0.201807928051517,1043.56,0.0
945,717,-2.32174110764027,1.98013762715689,1.51156897436195,0.726999289592299,0.222084575117256,0.985392604006676,-0.685940434367682,-5.49901868073502,0.599675582094201,1.38278181771454,0.198373566374054,0.519267493777623,0.684928240931741,-0.584980640686615,1.68669812585973,-0.694921042129417,0.0691175058862908,-0.489392484635464,0.351123046992924,-0.970353833132013,4.4061962716589,-1.49157417015,0.682053051260842,-0.0147979901635328,-0.604365031857259,-0.638662402664813,-0.761215075772501,-0.29915085891316,5.0,0.0
3760,3254,-0.965352508340714,2.0382951602638,1.07283673911965,2.76986918996084,-0.0485941102495438,-0.219931799277188,1.05504827747938,0.051954678838942,-2.21997992479377,0.545165575332462,-0.434034385796558,0.188880643181542,1.26168677519868,0.531910976497089,0.854871260287398,-0.351606362340323,0.26601437286371,-0.241992503777755,0.957426167859115,0.0475096705347353,0.121956457129948,0.228293429068733,-0.294687260397362,0.449396976730458,0.474091136827065,0.327527467869856,-0.302131111488207,-0.0107664959271841,67.46,0.0
331,241,1.18157196871777,0.241407903118498,0.0245369239675879,0.885832028186504,-0.121471370855092,-0.275551751171313,-0.142414302507451,0.0312825546559919,0.253328446702449,-0.62458834458852,1.13163183445497,1.12615168061899,0.452170473889005,-1.51746582298691,-0.98281116036637,0.366511660367034,0.726422221474717,0.558842441678996,0.39311606338256,-0.010393814942729,-0.143113930470516,-0.172135916785336,-0.156843587831265,-0.0452822622614999,0.583795268301563,0.412511399086111,0.0014538354604761,0.0308627906489987,12.31,0.0
2595,2125,-0.655331144703886,0.200232514171398,1.24471873800982,0.277782989225507,-1.75241036852078,0.89963331732719,1.64599072108749,-0.125993474237687,-0.0012161149898067,-0.675924490293103,-0.45189380784655,-0.0501673195857644,-0.244186451305883,-0.201337270831364,0.629397476137392,-0.683778916064945,0.636075899225303,-0.956218156790285,1.15339749648061,0.0967716000462003,-0.255650176098012,-0.531451663896022,0.397166743363311,0.129701044268251,-0.828675670332012,0.813547755941787,0.115407794857629,0.0565110560881259,356.95,0.0
3549,3033,-0.548584150692294,0.647927175908037,-0.590784392438811,-3.2417890423374,2.64773917696901,2.92403087018963,0.319644100263429,-0.224864624111114,0.765083911795015,-1.01968482304594,-0.119852518317345,0.124335602700547,-0.261577114898629,0.242990926274785,1.05207832003909,-0.249756862020108,-1.00836750464158,0.499341459381785,0.255303705333843,-0.0063031321503728,0.77141710586337,-0.0099224588919604,-0.216549408008915,0.995280771321919,0.252970565842923,-0.818251895205486,0.275448691419661,-0.0122494497545988,1.0,0.0
5,2,-0.425965884412454,0.960523044882985,1.14110934232219,-0.168252079760302,0.42098688077219,-0.0297275516639742,0.476200948720027,0.260314333074874,-0.56867137571251,-0.371407196834471,1.34126198001957,0.359893837038039,-0.358090652573631,-0.137133700217612,0.517616806555742,0.401725895589603,-0.0581328233640131,0.0686531494425432,-0.0331937877876282,0.0849676720682049,-0.208253514656728,-0.559824796253248,-0.0263976679795373,-0.371426583174346,-0.232793816737034,0.105914779097957,0.253844224739337,0.0810802569229443,3.67,0.0
2849,2422,1.33285753388761,-0.212838967048463,-0.383053629748271,-1.16285883070056,-0.238226266888718,-0.727946171437771,-0.0653774793979541,-0.0343970534304713,1.11110050433436,-0.699775976852659,0.501043787204397,0.0692614298020378,-1.73038534377655,0.946958912285404,1.12454061498913,-0.136210118573257,-0.629074498232798,0.961127732976429,1.14412736860037,-0.202918545768774,0.0186536523946662,0.0841969519950826,-0.235647238630989,-0.523494145001802,0.822396710766941,-0.561137988906544,0.0233708806014513,-0.0046793018643195,1.0,0.0
1845,1431,-0.160686732734959,-0.201776798390297,1.62048472825006,-0.848565394410135,-1.26768722019425,-0.660693245262717,0.111833870198582,-0.114997841478412,-0.872127280143253,0.133264469299186,-0.650740246232339,0.160477196590634,0.846355700573085,-0.506982734319652,-0.0449691697668985,-1.61407570687937,0.118050063064193,1.18509680130369,-0.783946219082904,-0.266237472729508,-0.0439213753453423,0.399756173480492,0.275484133990294,0.758970096145843,-1.06631551567259,0.725576605669542,0.17191609550638,0.219947962866501,85.11,0.0
2509,2085,-1.86440834423095,-0.582156568731371,0.641907002522656,-1.58268550453334,-0.576913369456742,-0.528672122734442,0.49976280217359,0.301995628551228,0.65514052979896,-1.73750390510515,0.72829482339046,1.5974497977376,0.648798222528837,0.233484499288218,-0.292893925434742,-0.0705430290028489,-0.558596460713728,0.690115503925244,0.533930098532306,-0.170330365879323,0.192669113752813,0.512979669875675,-0.384116229174185,0.089765581521054,-0.0242007397290853,-0.841735764650566,0.161073416769829,-0.212022536623891,215.65,0.0
790,600,-1.58249207672452,1.33884828243387,1.90826543335439,0.198895281153605,-1.23534740073349,-0.241873995092125,-0.619284431776561,1.02886524147474,0.0040767200312188,-0.950057783619616,-1.12609843911285,0.464873038421959,0.208989347072711,0.0311446638618746,-0.0225531095956461,0.243044610624873,0.211662380854474,-0.0092605415001265,0.174218533783916,-0.0930452430678316,0.0139925775862986,-0.0101106889008001,-0.15071127791416,0.431127289151393,0.268903682958708,0.358500411698672,-0.0824019699648828,0.00094761885543,2.72,0.0
1449,1124,0.825068557508827,-1.28660346590086,0.600839023894839,-1.34237126591688,-1.19227420662731,0.370952846989873,-0.796028275966401,0.397545068221894,1.86349973982558,-1.12788020737411,1.53136977987236,0.913763547021967,-1.33995081169692,0.317252697030348,1.30821444139769,-0.744869111682905,0.314987816117885,-0.0186155027456779,0.205222133550112,0.114562197325679,0.306122389801327,0.752303382069724,-0.186406379994746,-0.226947412712055,0.209113804259792,0.12477860505292,0.0369462869585024,0.0323525677190534,167.09,0.0
3096,2653,-1.04518869155659,-1.06765093470722,1.50802508000717,0.591895371806321,-1.95890508687791,1.9714490364143,1.19027267798393,0.3979640534929,-0.100667149227014,-0.717533231843483,1.4196706733843,0.639033005940458,-0.200309904606474,-0.062834927664089,0.844995450593451,-0.858646170287435,0.826438626916365,-0.186973242656832,1.45756526536987,1.19815331766446,0.397334691630634,0.551413427562841,1.19402129850221,-0.24950200760334,-0.827283920224851,1.1835534561338,-0.0036436685051374,0.172771105327495,500.0,0.0
538,404,0.638806340158883,1.77245108934463,-1.74825799978657,1.2976997284863,1.78587161687521,-1.05019683027131,1.48573004478773,-0.780631017632037,0.416991399748066,0.0026899726708996,0.908875094278622,-0.672825141621885,0.372099813313514,-4.40743176489987,1.42805282572098,0.371421868010221,2.56143733945227,1.04281488365209,-0.63563762582167,0.589653865729859,-0.359613478654131,-0.0615404750115266,-0.051427704623812,-0.76473757560563,-0.424181270199494,-0.418629118953875,-0.0032584570460036,-0.541236518907778,0.99,0.0
2632,2162,0.328760636151843,-0.572550350098295,0.0481273207005433,2.61174287727186,0.357804372304514,1.2280821038599,0.567233416457162,0.296696591104317,-1.0292381153038,0.334898907769043,0.781473189232331,0.390699993704131,-0.278462278295821,0.719698361456473,1.42725985931329,-0.768387425414973,0.822415203112736,-2.77709420594079,-2.5093705366236,0.383216543860891,-0.0621761260392581,-0.923343557792771,0.0551130196343079,-0.686382275971256,-0.211472390836022,-0.307811180926142,-0.0218895241910097,0.0713609380518966,349.26,0.0
2487,2055,1.27949114077416,0.0007141621163187,-0.249537023509116,0.0664532363461856,0.501617812985275,0.76804549383169,-0.218571709632583,0.250278897013698,0.0632576291082063,0.0896361393388944,-0.0260006951384427,-0.0033505637463027,-0.56959919853179,0.578193193240418,0.829629141388077,0.76254883496257,-0.961273838429547,0.202467851660294,0.468135945538355,-0.110973571639476,-0.299282137883175,-0.928787557746602,-0.0541270856513938,-1.74510890251701,0.305442242893494,0.216747466487771,-0.0272702152394047,-0.0130134693634925,9.87,0.0
1150,897,-1.79697063279806,0.349114318339304,-0.197983409167944,-0.735151219895058,-0.252581291039441,0.678833207129238,0.494857741840415,0.899616551850567,-0.378469169864933,-1.2028429653056,-1.03699982143258,0.450577325831419,-0.0254298324394186,0.53543191092788,-1.30407817053521,0.84050607709026,-0.701573001605822,0.551301324534183,0.870138533762458,-0.290788674698022,-0.126135559974342,-0.514210613319838,0.12447043608285,-1.35271886869113,0.111465171716548,0.42490481233175,-0.162905692210698,-0.28751242888914,158.0,0.0
2685,2226,1.03356287246172,1.04094786832654,-1.58924539715335,1.51685096549586,1.41862837423144,0.0007867939669031,0.399255509158229,0.233746191733692,-0.373804854224646,-1.72101928530298,1.94436573786564,-0.396756264743411,-1.01810185748222,-3.08904831226056,2.21885324773489,-0.290373234151847,4.07297175646887,-0.625410461053477,-2.50745752231731,-0.22769226051349,-0.076717222733082,-0.0115964040735001,-0.0333711179819063,-0.981530258583976,0.473201783766369,-0.183574919217329,0.106538925164246,0.0842662094722816,3.03,0.0
763,574,-0.402057030445791,0.584299900966221,2.47422694612055,0.929684062877304,0.0143137097884111,0.297490246372708,0.715194582634109,-0.257152873202103,0.593868326827021,-0.179321634379115,-0.509708400135098,0.345462616516336,-0.257994860995501,-0.958306062102147,-0.888987963974506,-1.20354641419234,0.354845755694896,-0.90239344683519,-0.202308508026038,-0.0266002197352661,-0.0728123302739568,0.445732604720208,-0.24510336762558,0.421234407620337,0.0492798709093023,-0.388322968469408,-0.329332987721696,-0.386747159020337,12.0,0.0
3382,2917,-0.401229578545385,0.682138775508708,1.07939692731398,-2.08609914897171,0.3803326948343,-1.02912188605766,1.11300158580014,-0.318715966646472,0.792224758284966,-1.20114401311079,-0.0767920087204086,0.441869876322686,0.0117153942997569,0.0587110892624345,1.1082052041408,-0.885360004390983,-0.305897628498798,-0.437303759505889,-0.461670688749139,0.0142278211132838,0.0909724551134565,0.689586714942809,-0.269397143919463,0.086576045277133,0.0086323262933437,-0.810617529186301,0.256975766559066,-0.0165523077505781,1.0,0.0
3757,3248,-1.14141165660718,0.472105746520184,1.89634983336874,-0.274041079101181,0.592810995027819,-1.08084760176346,0.409383535558349,0.143068829118601,-0.391472031476144,-1.0205588130111,-0.0533389168176024,-0.730597128734676,-1.59696514423494,-0.043518838629573,0.936194866462102,0.30318624300377,0.278635371185423,-0.548455906027999,-1.15667301920512,-0.0858480453128698,-0.165885770392973,-0.778509474622981,-0.0134183999873208,0.303940073264727,0.0731289154659258,0.0247115719026171,-0.0176254951579698,0.0786654357953326,1.29,0.0
174,112,-4.81602179918938,-3.34506105842244,0.566005641861995,3.96056779589727,-2.4954000253269,3.69136464456537,1.6033598578171,-0.0718012191562666,1.09241820405725,1.14581874359248,-1.22968693847166,-0.186777965538091,-0.0638645712803501,-1.41896284130383,-1.00637482143641,0.717839259413653,-0.333451260366958,1.20895055695515,2.24569699971514,-1.1326599747542,-0.797155075656228,0.260092570665231,-2.71227594238918,-1.02043560096365,0.0709897455066482,0.619085659323231,1.72070651812871,-1.64855313000651,937.69,0.0
2423,1995,-0.215867238796584,0.941608379051586,1.31084653774013,-0.0189614383770844,0.695131440054642,-0.908898902221393,1.30883736458817,-0.746230987681237,-0.0394488331471461,0.117288157936609,-0.303835037759219,0.622440069167233,1.40511275482504,-0.574640672670309,0.0947855486419981,0.0923015153398843,-1.14456645721066,-0.301220759476169,-1.01405955835085,-0.0234739452670921,0.0801181081464307,0.55075680672131,-0.0177359225603181,0.349017947863738,-0.974146972019416,-0.881077198880075,-0.36377648338685,-0.177688621259399,3.99,0.0
1894,1465,-0.869764061598998,1.17249696053134,0.786109815471294,0.78213443242104,0.3623076797579,-0.895910391582635,0.915683263125347,-0.173066775178713,-0.706873995530277,0.553797598986397,1.26842692424491,0.161425074549164,-1.02675692969297,0.764203600125318,0.20915555622917,-0.443627486075909,-0.227980665130889,0.405826950859513,0.7671573589255,-0.0530503546119795,0.161280548046058,0.518571755105769,-0.0167869347980431,0.529791444015963,-0.110248960480265,-0.343245980817267,-0.0075190249875881,0.229843294452466,0.89,0.0
99,68,1.23299646466342,0.189453733510593,0.491040320659271,0.63367266144682,-0.511574423739396,-0.990608798945491,0.0662404784461449,-0.196940298822464,0.0759209605441686,-0.0660598957776733,-0.255743256644626,0.255156784643456,0.105247332677582,0.284676541283834,1.05732211324487,0.315890891000563,-0.411940025745081,-0.51191158053807,-0.120427106464189,-0.0778705743363889,-0.251566497035248,-0.770138762362471,0.125997504609162,0.369627369686229,0.205597702423389,0.0940615942779856,-0.0331379753440025,0.0209903940215084,15.99,0.0
3016,2568,1.1816152704344,0.0035720875110023,0.176144291708443,0.573672701573871,-0.290677774777298,-0.375438890980026,-0.0349989063391969,0.0869697961014692,0.104376012201091,0.0533951127267028,1.30851734769384,0.399062264219186,-1.64101174352442,0.710741996532363,-0.253761035900979,-0.418748293561209,0.170496809398951,-0.48048742059139,-0.0066640130482758,-0.249266066466496,0.007366855457304,0.112732655564156,-0.0478315326672563,0.247410710901685,0.48656452944174,0.559455289864738,-0.0484527731755504,-0.0140498611149914,0.01,0.0
520,386,1.2131358392762,0.462142518341967,0.664599345891463,1.30113530427983,-0.407415561411132,-0.994124679060447,0.180625573267091,-0.279035029818828,-0.216489299432947,0.0160115787646663,0.124779977540189,1.04970945490561,1.42461025277772,0.0348763287614072,0.794658353678877,0.0395192956318764,-0.455406937292121,-0.358971563720822,-0.605013172993651,-0.0654261858701461,0.069833701435865,0.318993674438914,-0.0480256662059405,0.758935862049017,0.616220731594572,-0.354056706321025,0.0324916444849671,0.0302641675345159,1.0,0.0
4,2,-1.15823309349523,0.877736754848451,1.548717846511,0.403033933955121,-0.407193377311653,0.0959214624684256,0.592940745385545,-0.270532677192282,0.817739308235294,0.753074431976354,-0.822842877946363,0.53819555014995,1.3458515932154,-1.11966983471731,0.175121130008994,-0.451449182813529,-0.237033239362776,-0.0381947870352842,0.803486924960175,0.408542360392758,-0.0094306971323291,0.79827849458971,-0.137458079619063,0.141266983824769,-0.206009587619756,0.502292224181569,0.219422229513348,0.215153147499206,69.99,0.0
3707,3176,-3.27243844829889,2.25902983326832,0.656613836070113,-0.697028447824633,-0.226224738063267,0.539131123152985,0.555816627637808,-0.0864542810087799,3.03613389218174,3.63617640299887,-1.02339431015425,-0.356199303421358,-0.221915141629768,-1.76429642017272,0.465863098643874,-0.603751307445027,-0.478225361192333,-0.412042786565877,-0.256039562465395,1.50146275670444,-0.44905638986494,0.445766328859149,-0.331215756809025,-0.746485248027337,0.397555402414901,0.462790240378322,0.544495965627017,0.16476420417,29.99,0.0
1567,1227,-2.66860386048386,0.695974762175082,-0.80848730727849,-2.14617757961751,-0.319949194656385,-1.42101533837916,-0.49427745473488,1.24027917702352,0.192711799281163,-1.23835929735971,1.34784371025647,2.0402908870042,0.720742616344129,1.29134428441261,0.468353550652544,-0.503589867087447,0.318559270187927,-0.148628782795302,0.458334910774153,0.0491058699948058,0.195064717607225,0.417397257909291,-0.36715115238809,0.109642761491834,-0.0826206105555575,-0.124391541121239,0.306890642491776,-0.0694948323996126,1.0,0.0
506,373,-1.25447577889493,0.32225015556692,1.78450727289907,-0.307396214485128,1.00908572183006,-0.998490957070008,0.328481711146244,0.131284252754445,-0.485255251846481,-1.02834266255714,-0.19815595831099,-0.360170943714396,-0.663443326070228,-0.227583563597481,0.87187298699654,0.352768204361038,0.114133798103038,-0.54310254000486,-1.03833649549319,0.0326028617952415,-0.16098033162128,-0.77899907318427,-0.0253594541773964,0.0008282082037692,0.154781396596526,0.0420339167601756,-0.019549677500367,0.0811759248251633,1.79,0.0
979,741,-1.64497897994548,1.18516927230571,0.846529621675449,-1.1743746250211,1.84544230155553,4.78676898536671,-1.38891195309074,-2.13295801619383,0.587086286995023,-0.0478728307367087,-0.580281676143692,0.0461052151005631,-0.235291866704307,-0.495164231440509,0.218981947134912,0.289038389060888,-0.459990174117899,0.41164882175373,0.498096904620666,-0.358568221091703,2.84908118785793,-1.32219321760899,0.096048034156175,0.979467453782551,0.434881811982757,0.380887583225553,0.29650764855221,-0.0698291478745681,8.12,0.0
1303,1022,-1.83761836135657,0.274206938312655,0.0144128683333511,-0.589063455497903,-0.642114047045564,0.320030688306873,0.423555483899379,0.932500707345982,-0.228442575725631,-1.16700357733793,-0.746476542224948,-0.0246369520873173,-1.36761691404918,0.816854008228616,-1.20953560296865,0.734554783028833,-0.425923814696697,0.519976124574276,0.66666773773669,-0.38922324918547,-0.103403507396301,-0.511575092280177,0.20814532722736,-0.838164198213894,-0.0058983441820471,0.394884097741143,-0.170205913010342,-0.28461901693182,158.0,0.0
2244,1782,-2.61310838117392,2.76508929763707,-0.85948597001125,0.428311553771233,-0.0290673147594241,-1.29934765044515,1.01443107326001,-0.34021931081232,1.62729006161859,3.63559166997702,-0.23840124551336,-0.0844125282169277,-0.0848779443748058,-0.481589292382716,0.909878778192461,-0.862856694878744,-0.364923579729267,-0.319930789188993,0.199316940238627,0.921687151809673,-0.309765302743776,0.581590410970475,0.214026023819979,0.361174632401879,-0.368310788385858,-0.566321727651622,-0.430619050574016,-0.784862462172263,1.17,0.0
480,354,-0.687099302570821,0.790436270915636,2.24242432271365,2.40646163016605,0.359711754795171,0.279410289878938,0.103677151511258,0.399071184305469,-1.5187327616647,0.601268282242301,1.38977445144218,-0.1918927274936,-1.27907560001655,0.680096415708661,0.689691524612909,0.276206191009753,-0.0890122108842315,-0.0657719433477332,0.0798821723495131,0.0568705740168107,-0.146194338775118,-0.702302599396075,0.0880384486538265,0.138006040839989,-0.129552530218793,-0.141250330639071,-0.0113855026567034,-0.006343762762011,11.38,0.0
3041,2602,-0.673076970354358,1.36989741258475,1.00387073383846,1.28457095560898,-0.267427654371397,-0.0749704037320231,0.0522588086932967,0.494687031414858,-0.963285691273248,0.250369672690063,1.02970478037943,0.835896930499521,0.522995121432738,0.684160679956433,1.02947092579003,-0.0957318203795894,-0.0998082018549389,0.607087796756049,1.84027091356705,0.191771291338095,-0.10007040288225,-0.342066674666124,0.0158491210441609,-0.0203719788278884,-0.182509219406943,-0.410329617098243,0.0913253682401178,0.0420699660109139,13.54,0.0
223,145,-2.4194856262823,1.94934570375711,0.552997660975705,0.982710096155354,-0.284815274803146,2.41119959238008,-1.39853713503641,-0.188921645300037,0.675695454230089,0.158122713918993,-1.2248344738664,1.31439831223912,0.304424889384823,-0.290433982401903,-2.01451069253412,-0.772540312759084,0.696610461491496,0.0178550099535501,2.17731206529192,-0.277406250908905,1.21338967197729,-1.23835434839285,0.0071914260191145,-1.72417506863374,0.239721077470468,-0.313606874775548,-0.18743124806963,0.119471938852797,6.74,0.0
187,124,-0.614586106416274,0.975396461893104,1.68902690777887,-0.17048342188849,-0.152019577578755,-0.698487474413853,0.726557302713201,-0.0675882349877693,-0.126744585243418,0.41288683180197,1.36428285958492,-0.09908037353628,-1.47342969526717,0.34178548478485,0.328454297422882,0.297846416620191,-0.605726232973183,0.200484732317721,0.209764485497206,0.211526100674917,-0.261770174876005,-0.55021448984214,-0.0065598747403177,0.475346698901606,-0.268824811007139,0.0224187766618911,0.1991546160516,-0.0546991015212203,8.93,0.0
2062,1594,1.25771919362,0.364739119434284,0.306922619677791,0.690638246879564,-0.357791752392347,-1.06748130244581,0.0942718489375525,-0.210300432050399,0.0144549642648907,-0.28601237260551,-0.0501131545762812,0.298046747596868,0.348716749873122,-0.312208562449989,1.08089719169549,0.474305385070544,-0.0142031767086022,-0.312505183412392,-0.197051772970859,-0.0737789210901354,-0.286856218087276,-0.820657826496295,0.12766314749037,0.343127648423764,0.221120130509198,0.0943911233127048,-0.0221889746545145,0.0309440462460191,1.29,0.0
1189,924,-1.83665844791896,0.369040838294172,0.041630378455607,-0.601783731800561,-0.525288902725724,0.351175260551989,0.512367307049246,0.858132270296601,-0.426650528525818,-1.20545115472628,-0.523237959639424,0.671559500111317,-0.0585795004062817,0.556339330118589,-1.35315944913688,0.673150497341171,-0.500727961563122,0.359372963425262,0.657829655035956,-0.305352547251139,-0.0883527519375681,-0.404367919174479,0.192433011742712,-0.802323888203958,0.0383936460305869,0.390497420511394,-0.161648416118255,-0.281807625743024,158.0,0.0
3497,2990,1.25658349182633,0.383236237380076,0.314411941240581,0.689668343213069,-0.336448002823461,-1.06394027249977,0.113689102969496,-0.226398722527834,-0.0276023300728482,-0.294321875241541,0.0017305820002695,0.446083890096587,0.622702267536924,-0.366467348219093,1.0503952918837,0.459858679648677,-0.0278793189635917,-0.347937803090936,-0.201154793611473,-0.0553497664965952,-0.283034259776984,-0.797383683561866,0.124617730982243,0.356234175868374,0.229500275423528,0.0930737634579502,-0.0204773978102645,0.0316759504806532,1.78,0.0
3789,3298,-1.86470763775958,-0.724765972042979,2.43596338651445,0.734872231926043,0.934271221668628,-0.298394573299568,-0.111805996643475,0.115256388626733,0.851772777415878,-0.524840147929665,-1.29717156160322,-0.762532170488595,-2.36149396934023,-0.366856278687538,-0.929810120090765,-0.627439037158416,0.227796016371021,-0.60020671880039,-0.670580432960933,-0.445433898045179,-0.162327489782152,-0.0333671095752152,-0.526249782935799,0.0829125814346758,0.495219370919838,-0.362529793314857,-0.0193568045658216,-0.241960361047362,72.0,0.0
817,624,1.25651995980944,0.338218590292981,0.299210675417167,0.694383718740805,-0.38901847224772,-1.07550090772416,0.0715505371581362,-0.19085697212164,0.0665572366304913,-0.276122813410386,-0.108853129691914,0.114857337385996,0.0043205804108931,-0.243541134163073,1.11875458242051,0.490529035943988,0.0054966521754142,-0.270140798874983,-0.194882462950643,-0.0948522929073932,-0.290520037095692,-0.849128856623252,0.131366081599038,0.333721131008765,0.209284427627544,0.0954932524366438,-0.0245335315264865,0.0302895241500077,1.78,0.0
1443,1120,1.38018338673393,-1.16258455357591,0.549074278273428,-1.55928572219478,-1.30302010617073,0.0889484749089617,-1.19636369105606,0.0995544705152166,-2.04693597065753,1.51282166560483,1.26962949901927,0.0439314280286127,0.903046858518712,-0.250904949146097,0.288657140542565,-0.204054209968697,0.310742878010263,0.0252081568669486,-0.197028176182086,-0.244304462588384,-0.287749148662721,-0.526797590519169,0.12410467212389,-0.340928822909727,0.0751541294304856,-0.382449876647081,0.0521367903793681,0.0192356392503693,44.0,0.0
3223,2794,-0.275175705264693,0.474934763745711,1.96310428743351,1.29626780025846,-0.074516196463107,1.08724959594104,0.114829952124197,0.254601168467852,0.422396501356379,0.115870925890504,0.321954232436881,-0.0551603172580824,-1.86426132378105,-0.191952226569424,-0.821928962606359,-0.996439602340786,0.419170597107316,0.154077965584191,1.26189762771216,-0.0574514209430588,-0.0356636327283372,0.299172031767193,-0.266703687163046,-0.311699659912093,0.0009588478040375,-0.177864200338155,-0.183591117743025,-0.20842455457006,15.0,0.0
404,292,-0.401848585025764,1.01511141594469,1.30200996346757,-0.0422080298431859,0.0558057367635339,-0.683092650823599,0.561144191296759,0.106407736944423,-0.570879921327095,-0.325787048436954,1.3920989430087,0.32059416920488,-0.509960375824505,-0.12338679181771,0.254185485045803,0.60484151981296,-0.211674859695241,0.42537718416966,0.202856562150626,0.0985466314481312,-0.2159296329637,-0.623168479953529,-0.0138802830778171,0.262949764725205,-0.2073492058003,0.0563617608825258,0.237040907892129,0.0874556770861026,4.45,0.0
2040,1579,-0.984261533012885,0.464804171788563,2.69244364764295,0.0363052012086185,-0.757395004180883,-0.0239675585568863,0.141568418388018,0.351890531136369,-0.0639335993329756,-0.485324723178205,1.23106801818331,0.678586244216864,0.0710204446273327,-0.170171031334254,0.296816863058513,1.0912151726411,-1.1854172638073,1.1170348800658,-1.18136556279255,0.228041131746371,0.353015853387619,0.903264428198501,-0.122827959700159,0.530623764433019,0.498351201299747,-0.350527024689958,0.235696296820326,0.0568852378854189,83.0,0.0
2927,2474,-1.04720142953554,0.180058169986812,1.6118864877855,0.246979425940042,1.0409702274065,-1.44377924240482,0.376575049938673,-0.067665046633308,-0.462695750159545,-0.599160424281812,-0.514968517897343,0.35524228356712,0.490550003549597,0.137948918372559,0.297674876306757,0.342595056149139,-0.776959935750192,-0.277404608081236,-0.867912188800139,0.0883688223100705,-0.0297773349050925,-0.394925823306867,0.164845768002634,0.346327488702264,-0.330803117301243,-0.85588648711811,0.113237078256886,0.17818854850286,9.99,0.0
2140,1646,1.28612164488794,-0.0170223846680513,0.184088350535741,-0.258991166864363,-0.391869392678392,-0.689619653025552,-0.100592418563675,-0.0495283873568508,0.0520858890831794,-0.0134334387745359,1.1067460973915,0.530833571392091,-0.502821175715203,0.55656593212494,0.431326827826329,0.531113723544923,-0.60419690644687,0.0069736693093624,0.586531632994946,-0.0913212178833729,-0.209443705324552,-0.656889602364406,0.0668651273376294,0.0373018036267974,0.168011317597614,0.85211428403787,-0.0946691397534299,-0.0109800918063918,0.0,0.0
1416,1095,1.3173167405381,-0.0304166831285991,-1.08887420957644,-0.557891572888897,2.03090758398803,3.26777335810845,-0.536307538382075,0.808507056702977,-0.0526074300105419,0.0016098608293766,-0.0286231138293639,0.0736157381871928,0.0411083258287644,0.4252763533373,1.24515198854109,0.640236936918507,-0.91026585408312,-0.0689009379979755,0.255583870795422,0.0149360585081709,-0.31390731697027,-1.06841186785593,0.10466919151745,0.992074915285032,0.369761663773935,0.110479134339301,-0.0281150089500041,0.0116639301385116,0.99,0.0
1954,1506,-1.58655111760894,-0.160711600915662,1.01647437106592,0.808093189354603,0.959520452434833,0.0857468518992493,1.22630362857859,-0.395456845101246,-0.15109722136312,0.960554159423941,1.38143403429236,0.378495770522261,0.0676367064183647,-0.0902924696234677,0.788150758035721,-0.407075281132358,-0.57416592481663,0.181004832836511,0.565952097286707,-0.152085617585043,-0.166645571970568,0.82470963493603,0.705268320160834,-0.291444807014082,0.0030994778976687,-0.288587793012393,0.420021459881837,-0.389300615409734,99.93,0.0
1468,1144,1.32372672355007,-0.313323882945235,-1.00122886167059,-1.23491844300604,1.73152222800857,3.2377246170032,-0.776407064456517,0.82998723789572,0.257832079222551,-0.156845792605994,0.0054952455651175,0.0656745393642712,0.114247620766058,0.266769160663919,1.43707967304694,0.731997171660735,-0.865035321115431,0.0239370510801149,0.398140010273777,0.0763113023108428,-0.182174521129768,-0.679468392313362,0.0541564526117424,1.0547463508465,0.275091848417292,0.919098233664005,-0.0696486956029719,0.0040215794814837,9.99,0.0
1434,1111,1.13269098263307,-0.099536087701131,1.00670238004122,0.526096748316133,-0.753367814646401,-0.169312526851501,-0.489722347275771,0.072850946374742,0.410196391349701,-0.172782504015745,-0.0224811141500256,0.570367416518378,0.718817381772089,-0.0997949611035138,1.59769303222793,0.343131216334991,-0.323853500965011,-0.50848598244386,-0.742834088800644,-0.0275425512814162,0.0441395771405449,0.152924223997508,0.0648587655797062,0.126463315068562,0.0882051520130353,0.416720701982732,0.0089079262510561,0.0284018032872957,29.54,0.0
1516,1186,0.419031364508193,-1.80984511007827,0.291620059355976,0.416652928363609,-1.26263331714561,0.235319436731118,-0.110004497493341,0.0130621127092377,1.26792242122975,-0.644827989888993,-1.60035799147737,0.119389121653447,-0.174594058795442,-0.43129160033781,-0.145957339182142,0.199160051483007,-0.124999281563552,-0.230508697285581,0.643030876853572,0.822007864080571,-0.0262812718953738,-0.829021353583907,-0.407470895191477,-0.368601662580258,0.0734522063576409,0.949015064066782,-0.120406132681712,0.0816844556049414,449.0,0.0
971,735,-1.2473229594271,0.67203152678912,3.5365273197462,3.29350875568795,-0.79691901161347,1.83150959797866,-0.913056246077758,0.497590881709471,0.440542921009697,0.546139822905222,-1.28203473094324,0.421281556383161,0.492437346186844,-1.50252148670481,-0.868685032303513,-0.993439129930072,0.968648547850973,-0.267089414939274,0.974409922137579,-0.0239020960202167,0.195892502875825,1.01228107773388,-0.406072963619098,0.184489732324308,0.0583584403502402,0.513193351740785,-0.318664359783642,0.143312080326054,15.15,0.0
1559,1223,1.18814978607258,-0.139309524726403,-1.20623380593336,0.296566760473454,2.14807968246765,3.62085143140789,-0.387473669240791,0.839057977251419,0.167875137393704,-0.0363954597919218,-0.541776592710241,0.237731404630425,-0.21588145442513,0.200291374722675,-0.146263914782463,-0.0961669515902171,-0.509678651322749,-0.0683556521918355,0.35114307274683,0.0404572036799513,-0.159855548606452,-0.501349977345743,-0.160899898681815,1.01187360501117,0.878917621968952,-0.330778695933766,0.0179875246364997,0.0192327109982124,47.31,0.0
2352,1897,1.1152566569564,-1.77906696462496,0.692282784915399,-1.29594536466753,-2.01908177829856,-0.120768276170961,-1.37272661665803,0.208497636292141,-1.58596501645832,1.54270190840282,1.24575656095201,-1.12923231192167,-1.53658437826557,0.171965954883425,0.615713625144047,-0.191429732710459,0.59415133153041,0.563718048696237,-0.620012089973706,-0.178499888797421,0.0972893099229462,0.263325917453906,-0.0622670647841281,0.181284110015905,0.0890653761261518,-0.112895825956158,0.0241241122504107,0.0368984803927278,158.0,0.0
1021,770,1.02101218597944,0.0084188620271478,-0.0933479374391102,0.749682440872776,-0.136326784485941,-0.916919912596545,0.561218189790417,-0.314826829550846,-0.346920416722685,-0.117952369349921,0.325519609134698,0.80568759494077,0.778785945086901,0.38243696307705,0.8556648950229,-0.528939764551623,0.108357558755479,-1.10622821492708,-0.636384778516804,0.115555042681761,0.146910586155892,0.30416430974908,-0.17253192361006,0.482357721063898,0.582953213971928,0.470222816096354,-0.0584825122171124,0.0212188788067697,112.38,0.0
3650,3121,1.2920887919596,0.23655723562695,0.0711339611324831,0.320281719219775,0.282771951451264,0.086503044815576,0.0164690171342892,-0.0472394429674681,-0.0118768028079184,-0.131951522486232,-0.77723333292481,0.549584596072809,1.294434503333,0.0426435387628615,1.26923028248769,0.272527291495659,-0.566297571856397,-0.755489867555487,-0.0939105072382427,-0.0409909119004157,-0.28874436945777,-0.752383383627026,0.0294994994550394,-0.942518387624915,0.310272807048244,0.185592408199472,-0.0084021421590306,0.0067519455091413,0.89,0.0
3505,2997,-4.4150480885075,3.8240700966516,1.09707255037971,-1.3993978936386,-0.0169095345962991,-0.471946437846589,1.67445554686852,-1.7575735355772,3.9050214110277,7.02456589668115,2.54626749266765,0.480541660379399,0.390374978067751,-2.76175373643889,0.626626798425664,-0.690730754467367,-1.58661608825868,-0.244205179573567,-0.257123700095205,2.38761122995287,-0.476408849945612,0.0126717895098412,-0.0908453031685159,0.484593656005049,0.0228547560218328,-0.159563500738309,-1.15857226261915,-0.546863561343052,0.99,0.0
3213,2790,-0.678097263150974,0.774111634563885,1.06982801917137,-2.20585166358553,0.239830270515219,-0.849156231927468,0.966564870440652,-0.140874451471365,0.794797616773672,-0.708545847020339,1.72810162375408,0.902011535246343,-0.681719561307863,0.311359945484952,0.470000900394828,-0.742824618618456,-0.45877538786314,0.0462106635338984,-0.275463286030279,0.112617371471533,0.120434140553702,0.770675638982828,-0.23800164325654,0.21677391111176,-0.0166016743803795,-0.834273153810506,0.35453222601823,0.0341597480839333,1.0,0.0
1148,896,-0.985444539307757,1.15101812975731,1.44975303866876,1.03652242767219,0.305473062363866,-0.0390506763127264,0.973651300389454,-0.402890380307831,-0.345995490644653,0.644694723831506,0.102009676109259,0.461405205810064,1.23676571164837,-0.313856228705718,1.49994170077163,-0.72586864197438,-0.0670181686713203,-0.539314834084541,0.343300382672886,0.069321159210772,0.0055828245932487,0.461591774387566,0.0587035973543116,0.106775594709028,-0.276164070450002,-0.376627778563251,-0.202825802697314,-0.0106000177951941,38.0,0.0
1698,1314,-0.967444815631106,0.774713786692235,1.33420443727949,-1.08948514745209,0.412903612991331,-0.178397752557111,0.668483316431934,0.0246566288468038,0.489392986647663,0.127887088533422,0.0101946006731251,-0.663951403412701,-2.19912477327793,0.124026862096582,-0.692978097814821,0.463577014970733,-0.875424885589873,0.36111790697089,0.261810638658716,0.0700745526753291,-0.315093679273428,-0.66929255134929,-0.296708519194735,-0.536540623175741,0.0417055351713225,0.317045958737598,0.0752417653249833,-0.0386740613988946,5.0,0.0
897,677,-0.371028152944355,0.163147573346284,2.73139235697063,0.731216526944114,-0.3213036163997,0.840123750647623,0.275887489691302,-0.392286837043315,1.67033283849212,0.315747264621591,-1.44247445460756,0.466373924808338,0.595013185740787,-2.02991045161241,-1.41595354541055,-1.07861717250311,0.15496149010109,-0.401243472017875,1.46385674764564,0.348638120754799,-0.343091832672689,0.115926724178963,-0.320989532190195,-0.0242461189571682,-0.105632849817573,0.381021849132048,-0.400358229451397,-0.559607343610276,32.14,0.0
2411,1975,-1.15563841486393,1.22823470828109,0.941153268320432,-0.388137251082372,0.792131612588277,1.32030497101734,0.19663056190413,0.681065011690306,-0.165917969327702,0.207533352532464,2.43572621479132,0.813324211231083,-0.39523342636995,-0.217476822916878,1.36067572857287,-0.72533883401683,0.956984165137953,-1.58319951222038,-1.40560677131427,0.20713260591622,-0.138838142692787,-0.156527415089758,0.135528264271952,-1.08829427831047,-0.424349496051527,0.180390409126747,0.376364064670095,0.21159633865207,0.89,0.0
3422,2930,-0.323191126309424,0.506952305072285,0.353536925447132,-2.59766776404848,1.18450915126411,0.259516102306579,0.899798793662611,0.0005277042584085,0.814630595634509,-0.9980186439272,-0.108592770610139,-0.0146797103127194,-0.850747741041676,0.36664458182439,0.652715947094807,-0.134089850209984,-1.12335623582743,0.754659822228471,0.486703145232259,0.0120956137010879,0.0165873158809449,0.395196763214548,-0.482569138999877,-1.72768719294366,0.172671277254379,-0.717255152921473,0.243827855185633,-0.0465822028522497,1.0,0.0
1401,1083,-3.02111829949255,-0.595966489268927,0.166745111335511,-0.0415472944793701,-0.0210084004310038,-0.647488546250308,0.675283686662701,0.406339494159967,-0.48575995983296,-1.26082444018941,-1.08097670420929,1.84272163632036,3.0995782711588,-0.326602881071997,-0.916800317151012,0.235011979536766,-0.262238816735012,-0.73000470260205,0.257317571191882,-0.709049494661943,-0.26508849332272,-0.0198315011108171,1.15872509407713,-0.0194253682736865,0.344359711720342,0.402242963895753,-0.0427490168380012,-0.284024767828013,158.0,0.0
1245,961,0.632065561705947,-1.3017327925113,0.955139832050645,0.326411001380641,-1.61121278558049,-0.182602301304262,-0.478545184148698,0.147856035472823,0.901613969623613,-0.324716673841323,1.10989697457276,0.819438442747121,-0.765361059172346,-0.0267485426916698,-0.302303692719499,0.369701669330496,-0.198901383454431,0.186793239171476,0.362296297451141,0.44684599343534,0.103585418167114,-0.202093634023644,-0.158336208930808,0.604685570838694,-0.0714070299991505,0.933819962301083,-0.094093667407194,0.0540831218761294,281.42,0.0
1782,1382,1.23252030002253,-0.576552595018943,0.650583108319498,-1.75898602827878,-1.34521550122191,-1.27938367592264,-0.381415722027025,-0.22066141661514,2.29659638981616,-1.69743678279842,0.0140009552706604,1.70963784393053,0.911825696703345,-0.363887495022269,0.95765657830316,-1.34882631894794,0.271069803971452,-0.0314353358482952,1.07244378545721,-0.0181522075151226,0.154317471123108,0.847685214284509,-0.19319538259495,0.820843519297546,0.805782037621024,-0.623072812473864,0.10074702412342,0.0340213730080944,22.74,0.0
3321,2868,-2.83657420982942,2.20015099977713,-0.094570927287254,0.0268587961298398,-0.888279769458261,0.992731952289802,-1.07628405313386,2.30622723694585,-0.182799902936574,-0.642318361619165,-0.121837825410682,1.21886938748934,-0.148052234185235,1.03210765551614,0.550685450619072,-1.34274456528477,2.03474359985338,-2.46547966584099,-1.39675846397821,-0.131154698279491,0.0260161792669965,0.15596644042005,0.238396380318139,-0.626135415936622,-0.133953519053433,0.370880542247514,0.218882090810433,0.0733665103092416,15.08,0.0
203,135,1.20720732422405,0.241318029071441,0.258744960667355,0.65333494001419,-0.256425758843426,-0.620309257280381,-0.0396528304896815,-0.0221386613164761,0.145190565924171,-0.305442980386716,0.0235744586581998,-0.0897945367743728,-0.564338047466144,-0.105116498946392,1.43082238854315,0.222641855675202,0.317193266420648,-0.652918625345187,-0.552422227232238,-0.156234943936323,-0.267165290179502,-0.780157602682276,0.165656820562567,0.0129556380364155,0.116175752463306,0.126406131740855,-0.0121557176813252,0.0262392973617874,4.57,0.0
595,446,1.06331713559004,-0.795950552345143,1.26875871897622,0.646969512881566,-1.4208862314789,0.43847616459851,-1.10465282666223,0.370816661875466,-0.492432436841059,0.848072167267355,1.0158047193262,0.33188496434189,-0.849556126327607,0.0839973475289108,0.0818609614303332,-1.30121572768547,0.0098841535581974,1.50568852182752,-1.31917311471195,-0.520121074183677,-0.272118838506566,-0.35698556684829,0.093598868902639,0.157000596644004,0.082894974927425,-0.399380832565738,0.0874018970972342,0.0394214013374236,64.0,0.0
3844,3376,-0.348389120338073,0.588212923788357,0.528223127443131,-2.52078332351498,1.09308399762209,0.0722938040294173,0.974545491916972,-0.0790593548952891,0.640129240056514,-1.02751279126899,0.388749813387184,0.631116969590471,0.0706507434235301,0.192525457165477,0.517634319151774,-0.287681502851088,-1.04588118083388,0.513615674666206,0.34131700554833,0.0633328640841039,0.0521233296905294,0.543722807804289,-0.448901396575172,-1.33204516918022,0.156905403678032,-0.743384599702437,0.250755140299385,-0.0407320683005946,1.0,0.0
146,92,-5.28597051304752,4.84732319710781,-1.29036838470117,-1.42784235292307,-0.621533345889751,-0.604690515102398,0.437865925106838,0.336383683868803,3.55837329973788,6.4278019661735,1.40138317182184,0.667167376868207,0.314681508767306,-1.86065309400076,0.558541544083882,0.31481518341068,-0.701307703636703,0.206092479982718,-0.208238494122918,2.96248383056173,-0.923604053695745,-1.17118681893254,0.150871587161535,-0.493322254446682,1.05055390669023,0.194864957631265,2.49050305486782,1.57537979926625,8.95,0.0
1645,1271,-3.43861680940156,-2.35798186318603,0.30765450962265,1.00762239898535,1.7421235447216,-0.198182857484395,0.527977858474891,-0.0316393448750906,0.632234727241524,-0.546160750939518,-0.0084792276127771,0.753910437087991,0.818440224853725,-1.95123082498425,-1.56562931192294,0.801875208953264,-0.309743470249899,1.09127714591006,0.371506799066555,-1.32672271739122,-0.502215282790088,0.748088536120734,2.19132146171328,-0.902348274634981,0.369986533025524,-0.426451195615417,0.260854009551049,-0.7205491973436,142.13,0.0
3374,2914,-0.620824164296311,0.825910375960984,0.965887951046732,-2.13843998339027,0.288835530191738,-1.05568095592972,1.07132002359294,-0.280107246080683,1.05474733506164,-0.879756452859016,-0.136787328997264,0.194299665499111,-0.471326975730635,0.0846477219345613,1.17541097469854,-0.884261522244495,-0.286989408009893,-0.393986007485039,-0.489069729841434,0.113892363223609,0.0564209534643744,0.62820065605586,-0.251739727943194,0.0691780008072819,0.0436559318209803,-0.804522901089947,0.358673671931461,0.0424720804138273,1.0,0.0
3294,2837,-0.308893962978938,0.991136130215727,0.809824000182965,-0.316629987709534,0.577900680940537,-0.0080662175406273,0.554648683173257,0.183372824144615,-0.474956470424096,-0.324926890391306,0.330001299102056,-0.131767699597712,-0.431426807603472,-0.168843453595735,0.351523569635416,0.95089232591487,-0.628017234670674,0.820354845396257,0.641403548021627,0.127989391758682,-0.294000928027732,-0.845564959068428,-0.154643829914459,-0.920630838874256,-0.0563614074219713,0.129517789029141,0.23461658195706,0.074998740242686,7.32,0.0
1476,1153,-1.93339366260592,0.36269437371582,0.600301649103039,-0.276265544031516,-1.24103422688453,-0.439342193516571,0.500470638231072,0.805716497401657,-0.431320780154859,-1.1902394811482,0.601203113372626,0.808716574405111,-0.889086814261732,0.75585921657003,-1.38769769222971,0.301772525752593,0.0307149538201587,-0.0145040311665925,0.14560471303517,-0.387044903382918,-0.005164424183667,-0.201480300155417,0.369573723253194,0.567640973506854,-0.164116847797318,0.306871493822914,-0.163807907362385,-0.269050161178073,158.0,0.0
2440,2007,-1.41609673133018,-0.439945071610785,2.9511720344142,-1.04330660746364,0.31802025737689,-0.712666273400361,0.686086209237668,-0.665293163652734,0.886190155979337,-0.249014301493208,-0.393716483815077,-0.0952154523586749,0.198442390272905,-1.2638683000848,0.21706757668529,0.311177037948498,-0.859876864950961,-0.331253257804573,-0.407371042453268,-0.213174366347016,-0.281659504689639,0.130019488864291,0.292949612825046,0.442991598490446,0.199111757553394,0.81061121495489,-0.587232166777981,-0.743571209783362,1.9,0.0
2036,1578,1.3174703157943,-0.0407126802335953,0.0320142265017546,-0.374984857663211,-0.181072278259537,-0.370094008102938,-0.158119293587061,-0.0254679189715202,0.0807088658379447,-0.0132076053952301,0.705436831318405,0.514784909353804,-0.0494644995335595,0.424568232634796,0.518323102201978,0.702653691006274,-0.842502283792737,0.291956170767629,0.673933520595133,-0.0491336134297206,-0.116096175690308,-0.354174690098655,-0.0649658305275509,-0.442757442090263,0.314107948060199,0.995445808169148,-0.089683801263451,-0.0157526413456712,0.77,0.0
3399,2922,-0.52819418028307,0.666910461308191,1.10417974909542,-2.16140518217721,0.343878321759791,-1.05089066568699,1.19934159997814,-0.440062059262859,1.35912953566722,-0.636661481735253,-0.22303948828477,-0.447194320870504,-1.53483558816312,0.0825584561468442,1.31942887218333,-0.91874933727283,-0.331253490685482,-0.294296688959294,-0.478076360641745,0.118568263526685,-0.0071743559878212,0.569472525166544,-0.278813286445011,0.0409912367467271,-0.0179824558908484,-0.829482125423874,0.188392579520658,-0.182779129734765,1.0,0.0
995,751,-0.654892250964595,0.608319162188241,1.58510173965611,-3.00942924085916,0.037592712479637,-1.95402299321341,1.33597713686542,-0.612858372349054,0.690254191679665,-1.68153698719087,0.361360985336177,1.12280326162688,0.897326398697901,-0.279798556334729,0.209001394522216,-0.268394125539523,-0.74375591604156,-0.749993944070039,-0.962561902074604,-0.137096520002989,-0.0785270520006642,-0.064193969586884,-0.107350003017435,0.961776006475619,-0.0677597397332551,-0.549464950543634,-0.232588215683198,-0.108260749493982,3.9,0.0
3901,3482,1.0872980152827,-0.278887654103554,-1.54906867440362,0.157570679658115,2.2337255004225,3.40879796214781,-0.123343479696686,0.7299095128303,-0.0247863218202924,-0.0509149990715814,-0.401793030867585,0.157621027322914,-0.175017439528,0.422364276358113,0.232079887280699,-0.0768032697833114,-0.592994580059129,0.0389035475590717,0.262052117995595,0.180812794126205,-0.0211016711459711,-0.295146042472767,-0.281930764401079,1.02604805337167,0.96458240702525,-0.273038460232711,-0.0078543390849455,0.0259746625252931,113.31,0.0
3827,3347,1.12102129775962,0.0423455283432781,0.63191793780891,0.719650460370659,-0.327944234237708,-0.0145155241776268,-0.120312131398363,0.075783949054591,0.0325131438440022,-0.101506678908243,1.61334685356709,1.85650707652822,0.838074963841099,-0.0326626387679063,-0.785655724345957,-0.485612326985726,0.0765806493881833,-0.857957072892564,0.0637417102082912,-0.0709162141453611,-0.124047999247373,-0.139909915352518,0.0375989802812233,0.28411888724657,0.355826600450082,0.264954119024094,-0.0037907176019916,0.0045085373746397,12.61,0.0
594,446,-1.14610283642122,1.35027369114544,0.907209139242784,-0.0406815698489461,-0.242920133366154,-1.09985870895575,0.579042122974566,0.0456189939762408,0.460784207620684,0.470424805748224,-0.441126779448263,-1.00229937203689,-1.65997677275227,-0.291488591808501,1.15041725084034,0.418426911298373,0.0771755696974668,0.0314481077502175,-0.158770182534448,0.331215628709663,-0.396946750796054,-0.895759265551362,0.0996858601986445,0.27564259434962,-0.0452172113172167,0.0958490245263915,0.563119357949773,0.307944726185039,17.99,0.0
3537,3021,-0.302520690013682,0.447473606170949,-0.495757487926775,-3.21479928170564,2.70504105264306,2.76243958474878,0.593846555077562,0.556451025514572,0.697719595505647,-1.09018090617913,-0.111087964243309,0.0626523474576219,-0.238457031495562,0.215738138536011,1.06935589341597,-0.255230524748655,-1.07208498526811,0.485110431510628,0.271314885172261,0.156089011075005,0.0073428026657956,0.250885695089417,-0.331599689403957,1.00995227965779,0.233730179901549,-0.824470557380348,0.241305212556617,-0.0203586378568534,1.0,0.0
3727,3207,-0.847451071854181,1.59386186475291,1.0922781681713,2.80063687817631,0.105144399634614,0.120342967198357,0.798933764796505,0.400138517593355,-2.08568652475244,0.326604600660924,-0.554669145185211,-0.705781665769502,-0.617692683377282,1.01553342242203,1.28934304253962,-0.547408191114584,0.670449195780992,-0.42621642992001,0.594184559560542,0.0934961227411912,0.146660618081192,0.183150101689455,-0.129651893586155,0.0769878764534111,0.380928784553208,0.384998627967542,-0.0874758464018967,0.0124031977582505,67.46,0.0
2538,2099,-0.643533440275652,0.856521144145192,1.10857808112305,-2.06488743428003,0.157107641124442,-1.23486339402174,1.09878935635553,-0.318145130616249,0.986644674927381,-0.889114139987788,0.206023039045715,0.462584445382623,-0.225970635322943,0.0440023348987267,1.11842323454866,-0.993410438755444,-0.185892236744644,-0.537323487106288,-0.613839166695539,0.122714634384723,0.0813071089538455,0.712932467272377,-0.215116653168094,0.403584187957732,0.0104304296433115,-0.825729074510412,0.361077244635585,0.0464237534749581,1.0,0.0
454,332,1.08430301328508,0.12767812557479,1.38985271441822,2.53255871264885,-0.636871350092511,0.651109021131008,-0.685289010777119,0.356924416786187,-0.0525201476007633,0.672385539315412,0.362543035464664,0.483035615500186,-0.480955608316955,-0.136629164985307,-0.924280322752152,0.93847685790472,-0.757827613209111,0.465840591622503,-0.427654978537099,-0.151189788929334,-0.055486885024205,-0.0886419223597762,-0.012251399178334,-0.0264912196017046,0.290882369167501,-0.0393526812748756,0.0334002944060167,0.0229663191576792,11.34,0.0
3078,2640,-0.118877162344933,1.26248469757155,0.147224912813873,0.713881880903085,0.565311699929303,-0.355513621849318,0.830438711526638,0.0216136104383566,-0.619418521927891,0.63523021032181,1.42751542052866,0.811849119262974,-0.0062904096460965,0.623732184062055,0.217621429412983,-0.680055139876892,-0.135503132744558,-0.106687663463442,0.28357073206802,0.159713425359849,0.184273397349435,0.824796747591529,0.0346043170708357,0.033512730514576,-0.759790335705394,-0.399061567454519,0.559109111470967,0.276828275425702,0.89,0.0
3758,3252,-0.734151857152384,1.09726690156465,2.59526169090386,1.43406210360223,-0.0581204912055234,0.115607412728659,0.350950852603071,0.129708255472576,-0.472432393994765,-0.156184480977928,-1.05788427603376,0.502044779103569,1.01794900677498,-0.824492778570781,-1.28142854742402,0.814375236572481,-0.861157499470109,-0.281782934428429,-1.691982230998,-0.176919450213678,0.0580042876240337,0.238209671924303,-0.104050283688026,0.401831354860951,-0.330434803649871,-0.314001342409475,0.0125185194139198,0.158217855776641,0.0,0.0
3885,3443,-1.09917959875535,1.1672265304191,0.552755491892502,0.90575304286911,0.410697849331401,1.3293004474501,0.537857249124429,0.620573626290444,-0.817006550204498,-0.192094004207487,-0.0536033221393662,1.1073143559095,1.20364250976138,0.171853411263643,-0.470634548288685,-0.534837241619322,-0.0104764989275033,0.162340579336383,1.55010796237604,0.144606975273674,-0.0416649417188209,0.138225201420727,-0.20465170947062,-1.29911384893124,0.426291238157249,-0.114329237649551,0.186093521842524,0.0517193614675933,91.69,0.0
3689,3152,-1.16981900652347,0.762360983994978,2.27681155118021,0.288204472389731,-0.676379348772857,-0.0683782293929141,-0.22270216674322,0.73039942142122,-0.154094935137272,-0.955903865424244,0.712549316443888,1.13821361310408,-0.0736593884775798,0.024013146678101,-1.18856686506488,0.462577670355384,-0.480431523449245,0.506198171578484,-0.479033136546954,-0.183944108844068,0.148539342449054,0.327213442002195,-0.11899122270254,0.523422102248967,0.0082745329065993,-0.581040290602338,0.0125553898374665,0.0299426166418723,17.92,0.0
1654,1280,-1.37644463651937,1.61400622657831,0.699272626045446,0.0210915332448428,-0.792063900168171,-1.03066879363139,-0.0229738761415213,0.810584456556946,-0.482901149851925,-0.445029276676773,-0.731270170678286,0.086642846746968,-0.207911344031478,0.778562808790428,0.832125606600329,0.44683659339064,-0.0450355912735455,-0.247398231946451,-0.0242906125021513,-0.021170031602875,-0.180649881173817,-0.675246081055574,0.0848720994957764,0.354098838318385,-0.111750486027106,0.0817814828634652,0.138412501210933,0.0307186259588371,17.99,0.0
1170,912,1.08300282220975,0.201588805942263,1.4976636731264,2.66192199724507,-0.621255806886585,0.618553696447846,-0.644140247233062,0.310918930034439,0.125964035863016,0.45323987238862,-0.75502041079943,0.184040526414531,-0.107568748226366,-0.361091286955654,-0.0372472936176861,0.334321189452785,-0.129614597351314,-0.633847755580659,-1.19957779935243,-0.203726141752987,-0.0604332458594823,0.00964726847661,0.0770721059732234,0.0721412435320564,0.220746648040652,-0.0134830255561542,0.0585964149881031,0.0320539065850142,0.0,0.0
1992,1530,-2.28160403538149,2.31150086175849,-0.0390979618925712,-1.02033821290626,-0.443674922659917,-0.579518330642745,0.0404729800231314,0.870112649589663,0.56782079793573,0.408085630887724,-1.53978706527749,0.563583910739555,0.808061669412485,-0.014031884663593,-0.316248327842223,0.343020612696425,-0.342482714052948,-0.397772544000129,-0.0723008856872568,0.509898556761995,-0.304799557170677,-0.607747976561648,-0.025686203592817,-0.42797958685261,0.224857474270579,0.369987784773389,0.580845597759543,0.351721068062353,5.0,0.0
2463,2029,-0.667367320215343,-0.479006694631225,2.02651230587756,2.24012073214662,-1.78532416693329,1.37149050484989,-1.66336273185273,-2.30650324515605,0.938575459948366,-1.10635869824156,-1.53446213360033,0.75057601006153,-0.55522510895166,-0.48082396036049,-1.14542682394624,-0.679673223172386,0.8144013029717,0.0412116668067271,0.826898435954589,1.20789107769266,-1.15591178596046,0.54813715298909,-0.386310062524452,0.444894879401137,0.750749944536079,-0.0586600267626735,0.136507304262287,0.300104033681251,288.45,0.0
3318,2866,1.01047227261801,-0.147708765640765,0.544611402023824,0.709368249579366,0.0753023701962163,1.12940576646483,-0.350414203163761,0.446698166134064,0.443212260309097,-0.384197873474835,0.566383842117643,0.888252919257134,-0.2987512693647,0.0981491686928126,0.868994040483148,-1.6377487937343,1.36296933048919,-2.74814310143628,-1.45695315785616,-0.263873087879919,-0.0887066357346495,0.0577843547381806,0.176752640155695,-0.607596199188628,0.0888250293626398,0.377510238737096,0.0475987010840778,0.0021659328281977,12.83,0.0
3200,2785,-0.378751627769044,0.584418610340815,0.965937519124541,-2.21767871946403,0.304713497139414,-1.01508327498515,0.999675043021416,-0.221241414947104,0.739865982725047,-0.952551623927239,0.903113270618303,0.300874575826486,-1.19181392787984,0.445326654280272,0.311058785571734,-0.244661822080048,-0.885976673397957,0.760831139271985,0.31800249073559,-0.0089372967691046,0.079715973484649,0.529257373958989,-0.337572969837107,-0.017024506476243,0.054678922751505,-0.833415675576437,0.228424594047066,-0.0292160508403423,1.0,0.0
3958,3584,1.09965396361631,-0.647052198764618,0.681912121479318,0.394151491311073,-0.847595871508909,0.441220613609251,-0.75906156299249,0.213579342800251,-1.01335909271229,0.933431524076081,0.939769408229325,0.490357746229875,0.282360731521108,0.201581247525163,0.662552472434561,-1.03378031448011,-0.442014235418491,1.7189429462203,-1.35469301637385,-0.392188389689548,-0.14268883321413,-0.0746041566456619,-0.0734101891750272,-0.339189625373522,0.298771757565032,-0.274682081917179,0.0669620808112057,0.033603335840137,83.0,0.0
394,285,-0.931805001457903,1.52773726003966,0.818889180953467,0.0569902150162154,-0.319929644170087,-1.05473646755652,0.358789744957514,0.35407266962061,-0.392589551415122,-0.432677089907912,-0.311277877412686,0.16612034436466,0.321497602044543,-0.210513992905578,0.85717693466675,0.479781685444804,0.159892511982786,-0.133632195778885,-0.127680212499146,0.143479693628748,-0.249969035646293,-0.713790731887195,0.0446335043025333,0.334422677305381,-0.0814127929621052,0.0782150652734625,0.231701026865282,0.0909196779401412,8.99,0.0
804,610,1.12591045117615,-0.287397809842971,0.779265402970773,0.82638422308192,-0.807976883655944,-0.188230452345429,-0.407288517940471,0.0101400034226331,0.833075256809119,-0.233991622606907,-1.07998880001185,0.302506554878712,0.133611812035246,-0.346543644048996,0.102102938430156,0.0959803748176541,-0.245539983265428,-0.0552150354726185,0.0553501219663079,0.0132876627351698,0.0684313862059482,0.313583985818915,-0.194061205570079,0.110387342710647,0.522329799308708,0.526338935324682,-0.0052871966232556,0.0244863073381368,59.9,0.0
3020,2571,-0.616636196531024,1.1022923308608,0.987780730664714,1.03991926878782,-0.638395562639884,-0.99529638602574,0.448607355566853,0.343650380803968,-0.548478925685345,-0.414125136336224,-0.743685824773365,-0.996134224170413,-2.08123412669085,1.10433905844111,1.18123368018392,-0.193091070854093,0.217037355953841,0.315591936412288,0.30946893133438,-0.184610405531504,0.217745325287571,0.384897680151786,0.0365350280295497,0.666171929952187,-0.334330984283305,-0.346959170691384,0.0228747328973007,0.103349665742082,43.57,0.0
855,649,1.2091474336684,-0.182076057118812,0.314686491117548,1.24041913757536,0.0127235127458373,1.05480648294917,-0.499371262375798,0.337472719186075,1.16854933844395,-0.215739262062184,-2.33259708522901,-0.505674498574627,-1.30372432010181,-0.209353949430234,-0.454264536341547,-0.34825344046,0.0065798506446948,-0.267327128265802,0.28002926936242,-0.232193977011263,-0.190332261037293,-0.240711582650277,-0.230944091933047,-1.32879492773551,0.754417083758319,-0.167260619158317,0.061823513974826,0.0062625148227534,12.0,0.0
1937,1495,1.19952301855952,0.204186728176258,0.381992829924995,0.639021633893657,-0.544540114666357,-0.900318731692255,-0.113646333594417,0.0148064545544702,-0.0162270618917011,-0.0701308415733369,1.5611238401365,0.201073338798704,-1.37914551998144,0.216559792524611,0.541423730766379,0.68521830384579,-0.0973251506265549,0.311869753821721,0.0247981869206061,-0.17300399609045,-0.24009552868013,-0.801196300734628,0.160553184569828,0.454744914565259,0.108922645978857,0.0694105875165734,-0.0361798345377412,0.0193788982495917,0.99,0.0
2902,2441,-1.28673966324448,1.2078011918595,1.29594576997915,0.0654228639090703,-0.049033767882125,-0.166386000923334,0.484093174912193,0.262901616288206,0.0758592578350544,-0.134165311046574,-0.515002249082408,0.667889866391753,0.575844063688695,-0.294892371877142,-0.221947659068589,-0.73032581256563,0.344030310927493,-1.07914159933767,-6.69696129270148e-05,0.162319558446325,-0.181431587440333,-0.11587250591797,-0.0936729006482431,0.12870482939917,-0.0235337934305009,0.23274259463738,0.0293858731233778,-0.0495694974957437,17.15,0.0
1883,1453,1.21118896828414,0.0130527054875513,0.955713747902794,1.13932558464049,-0.494404954908354,0.294583815455375,-0.512568106805069,0.0896410126741855,0.807282383794656,-0.228232365366195,-1.37963641798337,0.704815412059719,1.11724623716423,-0.596066675818075,0.136072258951429,0.278005221086633,-0.605892589448629,0.0954205023288283,0.0977713480984259,-0.0460868831981525,-0.106273279325206,-0.050231750995579,-0.120294318131453,-0.432068872592355,0.557991909075449,-0.359828377030587,0.0774758603840806,0.0318287555200894,9.99,0.0
3845,3377,-0.349247990255937,0.503361539594368,0.503870618386375,-2.50940202366523,0.988556236914866,0.044427607810103,0.895082281730249,-0.0125191743774214,0.817473197825102,-0.993112327289929,0.189010028968556,0.0082043544653769,-1.10059325825696,0.425617537579711,0.646139865723353,-0.232740826183179,-0.978951154690237,0.657313239904797,0.349224763754249,-0.0117093429097714,0.0386568642800842,0.447800600288665,-0.434843009036277,-1.36411281497858,0.117275728224623,-0.739459677970556,0.243098432553833,-0.0432475235747803,1.0,0.0
519,384,0.450789665252323,-2.1685326869165,-0.824039453785036,-0.351020593029807,-0.984033129814253,-0.079024459195011,0.274408703533743,-0.183159236098329,-0.949651213152739,0.580142700079567,0.0702170174356391,0.0082891764641997,-0.409244400433561,0.421210061484792,-0.538527663505572,-1.24846407908461,-0.195415886972302,1.56371475038801,-0.0033217762298837,0.517926230948698,-0.157792201838459,-1.05797143112702,-0.559170459726032,-0.469404440426461,0.310074723074172,1.07646261776323,-0.173558407669221,0.0652100275836383,510.22,0.0
1811,1407,1.13362030321227,0.0554806010408362,0.362290228234933,1.42160026280619,-0.29490137967099,-0.216857440085206,-0.006971928715934,0.060007664710126,0.505080683971922,-0.0898852829632042,-0.77805307422664,-0.226781892117205,-1.55451765316883,0.353310684474589,0.0634933280745837,-0.655060492333253,0.34636527641435,-0.801164194420004,-0.363647680588765,-0.250727400709691,-0.108666428562585,-0.180038875896334,-0.0589907355220134,0.0439074283525808,0.608820757068274,-0.309112350333466,0.0277335883766769,0.0155492348285982,23.84,0.0
3937,3542,0.197176234829537,0.855689482451724,-1.22050375172806,-0.282839048475209,3.02181770525045,3.14583508133034,0.619917164130329,0.477236141947509,-0.437117713190847,0.590355971584916,-0.215135319141883,-0.321568906050069,-0.134784220442591,0.398641477654165,0.896133116781429,-0.324167060861764,-0.75463291441836,0.293077051923908,0.763599642811485,0.222367010617938,0.0455592615509897,0.328869103158248,-0.0392181907335929,1.00507639179555,-0.58790870736063,-0.4404973741749,0.144046737047419,-0.0027029008936296,2.99,0.0
3095,2653,0.472840883837025,-1.23400789683637,-0.259108838757562,0.0023892940501474,-0.471725374059013,-0.0443086815899051,0.449522193989927,-0.0971576381037316,-0.218476759988668,-0.285977078854721,1.58558281773501,1.40511671769408,0.997163611571145,0.387063265924491,0.574022292208804,0.221762147745509,-0.394928566757546,-0.539756913381509,0.0889565571787809,0.782175232580259,0.0769591059768785,-0.633401256538764,-0.272045385383864,-0.208429541602509,-0.0029723891889673,0.834075005908389,-0.144092554450816,0.0582479402457175,399.0,0.0
3037,2598,1.12048908777362,-1.01226409389525,1.32759271884474,0.981616068785201,-1.38617064200885,1.00154385760504,-1.20859611881546,0.266962775289738,0.5159846159495,0.367977297289199,-2.29673468354093,0.617069165645179,0.96401392349046,-1.36572965862881,-1.82123485913365,-1.86250380303657,0.258930169895179,1.20483839155606,-0.237033650208359,-0.349678914432186,-0.495773044767274,-0.591411964006873,-0.167144492697541,-0.44152775612942,0.545305680235499,-0.235220118745021,0.118578320330596,0.0485183158325687,85.0,0.0
2384,1935,1.16410256557186,0.0567729289330329,0.365951025384631,1.41526573100432,-0.340568902602765,-0.23902158545898,-0.0749997667566171,0.103312191564448,0.611289948972509,-0.0621788624000025,-0.895776872485263,-0.59386174455957,-2.24634443036561,0.486792280870169,0.137067002785666,-0.624858035638368,0.385260340607679,-0.719922606647671,-0.353873038690625,-0.32753469819456,-0.126307009500645,-0.227997983286622,-0.0365834477899081,0.024221055157038,0.591398677918734,-0.305092870157311,0.0262603517263641,0.0112767067742403,7.8,0.0
1498,1165,1.09229878572335,-0.003638966674036,0.337474520348754,1.43544228975472,-0.298522829428315,-0.197386645929148,0.0299049856985977,0.0484490163008404,0.48155219566473,-0.104114251821005,-0.755587124273855,-0.153878775389502,-1.41254836928589,0.330483424895997,0.0520201019025835,-0.657837157685671,0.338298812601843,-0.812590102734464,-0.370838049597304,-0.197363433816599,-0.0941884694900205,-0.181421877913936,-0.0791305486353667,0.061501140062827,0.606044987641075,-0.312442533546554,0.0244613443127416,0.0197218717141783,45.42,0.0
2765,2307,-0.368342092020391,-0.1682343554347,1.92599885792808,-0.95564869316229,-0.67681882700616,-0.193089361459346,-0.461157046195669,0.178768599662646,-1.44304255418072,0.551178097259554,0.734382916644064,-0.061469201983554,0.0498803701715883,0.0861138884453497,0.724994864950887,-0.960305161410827,-0.291177571850608,1.98988768850423,0.36381804584223,-0.232087416941539,-0.316538204964641,-0.586611959535513,0.0921109875618417,0.0068303153452569,-0.783594900429048,0.896738009555188,0.0810330154437789,0.128243784959594,17.45,0.0
2783,2323,-2.10621082828244,0.577056942132421,1.71769367954759,1.44445772300116,-0.291289548322413,1.20038421510603,0.382507058096546,-0.271319818110035,1.87587942099709,1.89920351436684,0.920970307825042,1.15547801874381,-0.267003990907371,-1.66335507616639,-1.83741692888308,-1.69722339824617,0.4828715264568,-0.786057768224578,1.53424039750369,-0.004476813081105,-0.57158966266778,-0.227883186733116,0.0501343740467846,0.0176888857266557,-0.3381414438123,-0.687572615202602,-1.90631429014107,-0.920435349522555,35.99,0.0
1296,1009,-0.409175943115863,1.09156440134775,1.49733811888151,-0.0485083813044289,0.283494022964684,-0.944228572808644,1.10358920554385,-0.502387904319516,0.0928231920467509,0.220773952206301,-0.0119864159454511,-0.253569050048374,0.0630915830204718,-0.915538603037956,0.973069443399369,0.199460912401844,-0.209731246752469,-0.206507702288764,-0.111339784695829,0.38810994119488,-0.39723423695023,-0.661880246231316,-0.0753788503946558,0.325401187679096,-0.159292810637474,0.0201035799896602,0.0245071067150702,-0.281597703788784,9.99,0.0
1953,1505,-1.58918928849855,1.76809733067281,0.903828978400359,-0.722368369158473,-0.402301494274679,-0.805883696308188,0.167422710367122,-0.440052375617936,0.132279270579858,-0.226794568327987,-0.665438451646202,0.879132192035726,0.881946396093429,-0.10118467929627,-0.432688408273883,0.0298499377821708,-0.132096144397133,-0.685858878072813,-0.310667168787857,0.0621077134656886,0.564965196392823,-0.614669971533687,0.0855452838041525,0.420549932643304,-0.0395838400317242,0.306701845698272,0.427816606336135,0.249614860399083,1.0,0.0
3145,2720,-1.3040768256304,-4.95218929265834,-1.5842034896679,0.492046200263043,-2.07369932497903,-0.053731371692607,1.50290265887805,-0.479615236085171,-1.1745711286607,0.149130836240896,0.657705564424852,0.515147150679862,0.205653649253129,0.545152984739485,-0.526414057676305,-1.31383117537964,-0.0050739062893279,1.50290123821773,-0.493602291766761,2.34615199274959,0.422546771807226,-1.38306485826916,-1.28286568555568,0.129742743614672,-0.0694584913631936,0.946466145531132,-0.337224615007608,0.226631873004158,1399.2,0.0
3159,2736,-0.408618022659911,0.937405368912582,1.91657026895411,0.0107148301452719,0.0070365091299935,-0.681115509664862,0.886996815502654,-0.201750182651964,-0.339834572200686,-0.16046645897925,0.44322110957473,0.288894759331168,0.212114579512651,-0.0690792874628814,1.05651872487438,-0.34579840197971,-0.0436732819465749,-1.03904108234546,-0.545189368021822,0.154044840539053,-0.209487631687815,-0.330092315134774,0.0460517032301358,0.595310362487774,-0.350934552097047,0.0381795282995252,0.118728703923707,-0.0989238800420658,10.02,0.0
2016,1557,-1.96715907906595,2.76445780062016,1.08312527475237,-0.904854599001971,2.76705484519918,-0.366270852342286,4.6484722734233,-4.20884579025004,5.64769309218173,9.75989419523775,0.947911251715308,-1.52194740117935,0.246255193735618,-4.90644836275523,1.49184208809134,-2.30710384529139,-2.61219821487816,-0.734048556589333,0.220519938804042,3.81520138969518,-1.41958195713633,0.612481540669184,-0.611962764027639,-0.494140364026435,-0.151419059536436,-0.824974439281106,-0.785973541164201,-2.90929435137133,3.99,0.0
2186,1704,-4.64661398624051,3.21518997466578,-1.49575977297612,-2.47485674412476,-1.30846024251803,0.834740484412729,-3.99662707177998,-9.50067888995147,0.888151193414513,-1.04573760341836,1.09932914221875,1.57619018290702,-2.09426431667853,2.14696239074856,0.435391550320895,-0.355398110973347,1.12722727410875,0.207517246141988,0.116664265262225,-1.26022785348827,6.51462231858754,-1.84087413340192,1.07795307753858,0.094050512540021,-0.10119528748197,-0.0799044028009218,0.614593303728815,0.127344176200974,1.0,0.0
139,85,-4.25759743970886,1.64948916578024,-1.59124167172606,-1.37431677103176,-1.18013599176406,-0.331039533520579,-0.117991555987855,1.59203217880204,0.415995684621653,0.159163276811326,-1.51628841310575,0.374064569980906,0.427174360397596,0.803874467017676,0.713170739365249,0.915793496657271,-0.134021723075592,-0.693337258176591,-0.639567570341767,-0.271984945531879,-0.452567807258146,-0.671702516969645,0.0014222762325567,-0.876376517702495,0.0700982199959621,0.729582298647766,-0.0029423712628686,-0.481496957963412,124.67,0.0
215,142,1.21140602376378,0.0078497561978632,0.950798394868363,1.13764647804185,-0.495189278904212,0.301371117643675,-0.51835035910425,0.095425921740844,0.817591713147277,-0.22633947839369,-1.3927278450947,0.666903920591623,1.04867797784405,-0.58264566486042,0.144561729916678,0.282077685114479,-0.602787656509639,0.104931520635137,0.0988689071769595,-0.0499124714120192,-0.107247742883246,-0.0571525349589814,-0.118932638084772,-0.421241480462009,0.556146314297023,-0.360164370638928,0.0769299077872142,0.0318000277964341,9.99,0.0
2383,1935,1.15346758720982,0.462401424211074,1.20347420201768,2.49454230433766,-0.540050683941123,-0.264053242800736,-0.255080308894905,0.0193070110025922,-0.455043558673421,0.643506107746633,-0.527002452627729,-0.0033920906192273,0.266985170342803,0.0308623311409081,0.799452840584926,1.03092077785232,-0.790994764107051,-0.103303749368263,-1.12727851713374,-0.126907417637438,-0.075529170105826,-0.266812881604159,0.098113838989271,0.355383472616835,0.204838530933901,-0.147683900851707,0.018640451185058,0.0365911381427412,5.46,0.0
1731,1343,1.30973147030231,0.261123303118174,-0.063052204924392,0.509101603632675,-0.0482300124774536,-0.62102250287647,0.0140338951869181,-0.103004920923851,0.221983200769704,-0.256835400677519,-0.964459135203819,-0.504785634732704,-0.499476155387134,-0.163370387536949,1.25045473361456,0.763795551338432,-0.25972189280559,0.0812294192116149,0.122497394624513,-0.105004809368539,-0.351157334324498,-1.05602347035366,0.0333247034956375,-0.532165195543831,0.297226632013083,0.149705822915567,-0.0302492849203022,0.0207460728234978,4.26,0.0
1403,1084,-0.531207897001209,0.926177035462437,1.22283711621465,0.405713224354837,0.366792617824358,-0.224516108419226,1.22831856316567,0.0188286267771652,-1.16714236218454,-0.395855246594273,1.69539857159493,0.931421293716357,0.00025441042241,0.637538171285684,0.0379569856456721,-0.318196945520374,-0.231287561463312,-0.526283243762472,-0.0949380966415051,0.05548281740338,-0.136437479329613,-0.572324652300918,0.156702291447895,0.158179616671905,-0.0943108875984916,-0.739776186400467,0.0418639319266799,0.0564540278831544,75.08,0.0
1038,784,-2.25683436324049,0.766019425660344,1.47203476965453,-1.2339685468888,-0.568451819679327,1.18265172338126,-1.02746474756958,-5.95181429985293,-0.110786889786418,-0.851938591243078,1.8288515321407,1.39745885898194,0.340821840417404,-0.105555526499043,0.118216250861145,0.707766780111753,-0.798988158627608,-0.110218883976174,-1.28106562419068,0.7572202329866,-2.46679852687157,1.95775939740687,-0.21500911550762,0.352056002651708,-0.664984222896365,0.843978698510029,-0.55503007275782,-0.625699651588745,203.83,0.0
2095,1614,-2.96237573816557,2.60736290172708,-0.0678827781622874,-0.889315636434717,-1.36031349585959,-0.983392821590451,-0.534070157176572,1.47326117040833,0.478762849464544,0.70661723545098,0.721613115633643,1.00532971038251,-0.837317433484695,0.779042712982288,-0.96101757960049,0.400194791526696,0.0300620869710991,-0.0456418736507492,-0.202504598880878,0.420580995522818,-0.185341878299511,-0.45573743421189,0.1605951232922,0.506340063159559,0.0783716381048021,0.29942475632596,0.54437048806502,0.34945619400793,1.0,0.0
1649,1272,1.31613731322751,-0.0429153850785197,0.0312405230286082,-0.374424365412223,-0.181752788399225,-0.369845699934679,-0.157203676783742,-0.0256470111470663,0.0806275933945913,-0.0135289825103499,0.705446717049244,0.514813329570856,-0.0493414817657626,0.424724445885265,0.518409903826531,0.702744698238111,-0.842481827296465,0.292097542982594,0.673713141330632,-0.0477284558411928,-0.115678083409717,-0.354538863863397,-0.0655739961835551,-0.442722036480849,0.313854596981263,0.995372218090975,-0.0898141746591388,-0.015632500108009,1.46,0.0
1253,967,1.03353222657336,0.46370093059847,-0.0308865701992252,2.27965894777917,0.932498719366631,1.17927292869463,0.173614006716116,0.368685398507038,-0.933530337640455,0.570657719247508,0.263921532545837,-0.237705450489225,-1.03002110597715,0.823735209716619,1.39771464475302,-0.891646814475143,0.77769172690837,-2.32980274819926,-2.43108625082062,-0.351757206360007,0.0963551315794464,0.353669427454366,0.0297790324695574,-0.98139497661651,0.383339408900282,0.199696489808379,0.0247589683800577,-0.0058304221432889,7.65,0.0
839,638,1.16198050978969,-0.677454449872187,1.24093929359058,1.05326326491704,-1.18449427027933,0.661772583148572,-0.905789438891911,0.247129611484417,0.148524844473695,0.375712868917123,-1.28140979627355,0.857101455478398,0.349097886891409,-0.956116653088184,-1.88936506651439,-2.66439484153124,1.01270461642371,-0.0465757084111234,-0.593698583193141,-0.563654113287433,-0.764802297598217,-1.27495359709463,0.149592634649076,0.047670433121975,0.320746742131157,-0.510747746933123,0.116556802227715,0.0368365024981833,25.98,0.0
3405,2923,-0.42142426271411,0.581179696425608,0.950644005576851,-2.27368515478301,0.547353356039569,-0.529837400110692,0.964162801443605,-0.118024533326914,0.641755566669191,-1.0149857220148,1.23040155070816,0.717571114381733,-0.588037307041356,0.34955208862534,0.494597006992773,-0.566273549073843,-0.643350372807846,0.235505934704338,-0.0444680625525981,-0.000733764145214,0.114490166662266,0.694660536210447,-0.315575838942504,-0.311401571369742,0.0029889112412513,-0.805788568884511,0.248983695072226,-0.0312913255519981,1.0,0.0
3404,2923,-0.402593666061993,0.54737481237708,1.04071941292972,-2.0680229668574,0.214318016064002,-1.07337996240599,0.986795310797696,-0.213034503471035,1.07388869121155,-1.14650798208523,-0.394025783973522,-0.54746192417011,-1.84849566719279,0.42891615815563,1.31230224869566,-0.798101282624305,-0.199596998741247,-0.209078214715185,-0.449111308069149,-0.104956860582871,0.069584539461573,0.537239679476817,-0.247069116651806,0.0356450784209086,-0.0543089229561891,-0.804383829965078,0.244815113080837,-0.0205474425978142,1.0,0.0
1512,1177,1.23196147714305,-0.434462506349544,-0.353180978426263,-0.312595909916549,1.43318641459256,3.95662797720679,-1.2019193124641,1.07164334814072,0.797960335232736,-0.181065671003018,-0.505376313844732,0.268831430787855,0.0016554182531412,-0.266007708194326,0.387423402344866,0.489388497245141,-0.674259422196508,0.209296139066571,0.331168848950724,0.0288354828461797,-0.143435333718832,-0.376046085176724,-0.006577129573645,1.03965500210205,0.413008924057394,0.331772082239704,0.0187912239772941,0.0209350004684865,11.5,0.0
1066,810,-0.301263886955272,-0.172522685236666,1.9507010792647,-1.60329354333966,-0.978847165873273,-0.796555815206412,-0.313462414378556,-0.17717176989153,-2.75966542424973,1.05101829874824,-0.452271820528892,-0.955688241322533,1.06709268772745,-0.477596854459331,0.732674031204299,-0.816482914393447,0.782776106440458,0.146904135188402,0.647283429270928,-0.0891430890523341,-0.14451510226167,-0.0391372505264454,-0.224903284472919,0.384370163510526,0.241105500952146,-0.074113656314428,0.0894969692071189,0.0773931839122304,6.0,0.0
2774,2313,0.994081810656916,-0.721151410601971,0.623037479374777,0.175589582587205,-0.861433952428886,0.0382539046093741,-0.454371219924489,-0.0035664565796512,0.844644514514534,-0.350353101268812,-1.20364932061623,0.403685720090178,0.995297661188171,-0.502228334373667,0.700362733108162,0.597223758463004,-0.593952307525448,0.10439101543632,0.205976845791457,0.315710445292465,0.114780171423045,0.185986967440212,-0.271582478337733,-0.324376958751763,0.293307751880504,1.14203370958699,-0.0605015909302768,0.0343716925952509,157.2,0.0
2855,2423,-0.322782044928757,0.731608632517365,0.902574370700248,-2.15540702743524,0.454528559279686,-1.20893393749838,1.19364595315133,-0.436663024269662,0.800036225885599,-1.16213488192134,-0.710536026899152,0.29774530280378,0.317844774150812,-0.0391489565914677,0.870953195224166,-0.456669334923296,-0.777088909801769,0.150068156607654,0.0834882882758963,0.0749024021972748,0.032816231212903,0.499560869348834,-0.363005728598869,-0.0967462854277295,0.154804421034347,-0.810028671279042,0.241138480553263,-0.0177757262194923,1.0,0.0
3354,2906,1.0434482561169,-0.267994666286803,0.0237992946591523,0.374106753667867,-0.25903605908247,-0.1888054081758,-0.0021737960277263,0.184854856836012,0.0830974717087877,0.081311116746987,0.992272915265791,-0.422961431752276,-2.62788200613871,1.14642104953567,0.76733960060902,0.336270108997675,-0.25047807519923,-0.406642888135695,0.159877523575771,-0.111962334274745,-0.427377128482563,-1.6096102961965,0.199191390309427,-0.403822757112384,-0.10375159494407,0.0110184246387363,-0.0717941885491345,0.0088549604583603,88.2,0.0
1892,1462,1.29444554940717,0.499666199954502,-0.792481341375181,0.527639357859238,0.481295914777182,-0.622904603172277,0.249390356995545,-0.0955264612255463,-0.303470637314048,-0.41562774998477,1.00534571714641,0.132549699293417,-0.377755209450667,-0.791212160071384,0.339205535764533,0.913849112360032,0.285789773276522,0.950982066193214,0.280121599219312,-0.0641734953570536,-0.14520527779054,-0.413296248395952,-0.189173306081042,-0.594399578510951,0.638510394081906,0.403842897225471,-0.0414122912978589,0.0172493313652311,0.76,0.0
3266,2815,1.22381022676653,-0.452556269930877,1.01587444143438,-0.627257878078465,-1.49561555907702,-1.01509171145649,-0.685283418519438,0.0127909831988633,2.01148860844529,-1.0359357135179,-0.384785742329233,0.199805549110588,-1.23799801707788,0.0690873604764631,1.3867146111255,-0.499385823890444,0.030222597983177,0.388045343444484,0.356852685487279,-0.208648104053632,0.144856190564789,0.638938249452192,-0.0770347843346837,0.729669213953339,0.542062971247579,-0.547569034648069,0.0877090395724458,0.0337407521837897,1.1,0.0
2839,2417,-0.339403329234087,1.15902908424782,1.30082207906911,0.0585919943273416,0.0532628177346271,-0.972623885026703,0.740549655076649,-0.0935388551001604,-0.448055309617751,-0.522645651731787,-0.151926387237722,0.104403758556836,0.463385929126735,-0.498153174391055,0.855754842829819,0.366327443196535,-0.0111821321970593,-0.181136586895038,-0.093832962370328,0.136316992211259,-0.259686094079032,-0.660597435637609,-0.0181466871988783,0.34366306149167,-0.148885652115942,0.0706719620230154,0.247819895554789,0.0990104502641366,3.87,0.0
1891,1461,-0.655627131613611,0.877027691609004,1.31723525740809,0.0348236813143578,-0.0683347591396355,-0.849075596329006,0.511731044395485,0.0931741735649185,-0.401152439978595,-0.193252460088162,1.46490234923947,0.0062985103778899,-1.24872984931296,-0.0104352344908826,0.335294800411101,0.575361236942207,-0.108676500655912,0.443102485496839,0.146989570922305,-0.0016851446651208,-0.20788442425185,-0.628184534192836,0.168161227076037,0.446456194632558,-0.234646616912986,0.039539430731487,0.122093131622863,0.0664530591629076,8.98,0.0
3056,2617,1.30871886416018,-0.0551739163894033,0.0269346950041411,-0.371305104189336,-0.185539975263576,-0.368463810998276,-0.152108070226145,-0.0266436980370619,0.0801752945794069,-0.0153175160205817,0.705501733290433,0.51497149425706,-0.0486568611449798,0.425593806583531,0.518892973737082,0.70325117326747,-0.842367982447648,0.292884310091968,0.672486682815144,-0.0399084483919945,-0.113351308978606,-0.356565570032393,-0.0689585702691435,-0.442524996567589,0.312444643150659,0.994962673308097,-0.0905397309481837,-0.0149638880027583,5.3,0.0
2739,2272,-0.633632522178695,-0.0107074257333287,1.29313075270221,0.285543898192215,1.59415058164191,0.264593109397003,0.082212853297603,0.0577422981572787,-0.673033540954494,0.16773061095957,0.692686976583867,0.520710040166636,0.711937669342218,0.143398876300444,0.987686425087699,-0.0590445988171037,-0.561471236187547,0.145765388530954,1.3780162994733,0.395698149850063,-0.119580013031628,-0.366352261956928,0.0089835816359049,-1.14000106872782,-0.583140825589182,0.212029113190895,-0.0530115969504781,-0.0803518680836382,2.69,0.0
925,699,-0.312138149054465,0.505150760377493,1.14214183993314,-1.04456656205918,-0.614836670396563,0.0997664790825901,-1.14545326455983,-2.42141723709278,-0.291526997075598,-1.16756237156207,1.4938433924401,0.738857799347255,-1.27392270236935,0.939399003897312,0.20750180545909,0.783363755674275,-0.416118944297355,-0.364541402214271,-1.20204022860969,0.457137699716117,-1.29930207309105,0.116915467879628,0.0758557592528985,0.228515196478673,0.394114388461097,0.798886367208781,-0.0261688221958884,0.205293515587663,15.38,0.0
701,530,-0.690417296139236,1.32268070901172,0.910911327287702,0.112848556071586,-0.35628060241284,-1.04490179892294,0.330443673181682,0.387623396166134,-0.471598547678041,-0.721575336082995,-0.464031089648106,-0.248544199688769,-0.437749227780628,0.0102596067682734,0.92286485234519,0.534371509180888,0.212070548275543,-0.0226225853110526,-0.0933229985642568,-0.022150900388906,-0.224965163389598,-0.751207403786348,0.061962269660663,0.315721203201531,-0.154944220021963,0.0761852865245867,0.1142448733419,0.0344508328161476,9.72,0.0
2880,2434,-0.589090711535968,0.826111865277589,0.677362043918329,-2.36931330565185,0.558098653004601,-0.549697354123449,0.765930407499092,-1.01337311231003,0.727363348074992,-0.903456950987503,0.576143579371931,0.598487877568982,-0.373924716574574,0.292656129358107,0.24762657449759,-0.128877412367733,-1.0468871131229,0.845561676644248,0.485144896881426,-0.106865573756829,0.819616100935143,0.238184053840057,-0.293307178253992,-0.511281742516263,0.166070234544017,-0.798750171053456,0.266839493356199,-0.0245535238759628,1.0,0.0
1960,1508,1.2703946112314,0.19201361607921,-0.0416511814373402,0.125547269986041,0.52250190556083,0.605850041849827,-0.0748316802903126,0.10619953743642,-0.287658351516553,0.0294164054648556,0.670968632094438,1.2650337522783,1.52163660618214,0.169195723607553,0.565049409166629,0.552975857741672,-0.950962725167445,-0.183890421685603,0.317362036629548,-0.0007617858183586,-0.25506045300207,-0.680175057809625,-0.0275634886991019,-1.31780408840198,0.332203059281875,0.187534584520995,-0.0111954309424545,-0.006021668472659,1.98,0.0
680,513,0.166862233883515,1.66770918409059,-2.0955586621444,1.83520604250147,0.876544697601151,-1.4817205506814,-0.323575309415954,-2.8663815242386,-0.573338456272621,-1.83830983545424,0.47370079694631,-0.860334858869804,-1.24798967472145,-2.92112789210689,1.10582327687422,1.06355780030683,3.00690856664793,1.6781750500953,-0.516481335537731,0.49117341901482,-1.38309778825186,0.207548689319015,0.550348381154836,-0.0066346955743939,-0.554034463552066,-0.421467746323654,0.0078274529160014,-0.0399036176105599,1.0,0.0
858,651,-0.618515262846149,0.713332592536522,2.16278560347555,4.86112928317014,0.802696571396345,0.161066393899702,-0.120170539712477,0.114415193268801,-1.74600518762496,1.29616219769814,-0.923738839430487,0.260684770950439,1.2832633985405,-0.354878122232848,-0.311243890318104,-0.610100956964114,0.498638438964236,-0.226090973130029,1.28669464758087,0.421456752631717,0.12402211614901,0.432931697877658,0.0089149059083197,0.429124252220104,-0.413621549110559,0.330706189634261,0.187836557474024,0.191494218326522,4.2,0.0
2273,1818,1.28867950584746,0.422290765052246,-1.04810716662442,0.354535485175993,0.909789849270167,0.147564336318239,0.146408534746715,0.0887846726895665,-0.239884448916764,-0.452999053495857,0.71519220442004,-0.0662733017363303,-0.507473480705274,-0.754399653742072,0.652408905428465,0.786373120684239,0.382009669083196,0.700889475728018,0.124003826027054,-0.0916811805033224,-0.15496090603073,-0.413705510773392,-0.223101531224172,-1.44492517035707,0.629936690120397,0.467274152742825,-0.0269563220777711,0.0079962313844135,0.76,0.0
2495,2066,-0.814646662264845,1.11090464192916,0.861886339834615,-0.43507961288121,0.180153674956982,0.800022348501473,-0.735366926016526,-2.30579521446281,-0.0263558532360218,-0.155548551792438,-0.879119803380577,0.579743554075298,1.78125327237866,-0.228918716108133,1.70825978765698,-0.0492557914229356,-0.0784210199867991,-0.0862316848604587,0.929519815312701,-0.366310556996947,2.47401856328814,0.0049021512708585,0.152273664428542,-0.86497795385206,-0.836651492088388,1.20956592840459,0.308637082539272,0.18125536336556,8.49,0.0
3535,3019,-0.302520690013682,0.447473606170949,-0.495757487926775,-3.21479928170564,2.70504105264306,2.76243958474878,0.593846555077562,0.556451025514572,0.697719595505647,-1.09018090617913,-0.111087964243309,0.0626523474576219,-0.238457031495562,0.215738138536011,1.06935589341597,-0.255230524748655,-1.07208498526811,0.485110431510628,0.271314885172261,0.156089011075005,0.0073428026657956,0.250885695089417,-0.331599689403957,1.00995227965779,0.233730179901549,-0.824470557380348,0.241305212556617,-0.0203586378568534,1.0,0.0
541,406,-2.3122265423263,1.95199201064158,-1.60985073229769,3.9979055875468,-0.522187864667764,-1.42654531920595,-2.53738730624579,1.39165724829804,-2.77008927719433,-2.77227214465915,3.20203320709635,-2.89990738849473,-0.595221881324605,-4.28925378244217,0.389724120274487,-1.14074717980657,-2.83005567450437,-0.0168224681808257,0.416955705037907,0.126910559061474,0.517232370861764,-0.0350493686052974,-0.465211076182388,0.320198198514526,0.0445191674731724,0.177839798284401,0.261145002567677,-0.143275874698919,0.0,1.0
623,472,-3.0435406239976,-3.15730712090228,1.08846277997285,2.2886436183814,1.35980512966107,-1.06482252298131,0.325574266158614,-0.0677936531906277,-0.270952836226548,-0.838586564582682,-0.414575448285725,-0.503140859566824,0.676501544635863,-1.69202893305906,2.00063483909015,0.666779695901966,0.599717413841732,1.72532100745514,0.283344830149495,2.10233879259444,0.661695924845707,0.435477208966341,1.37596574254306,-0.293803152734021,0.279798031841214,-0.145361714815161,-0.252773122530705,0.0357642251788156,529.0,1.0
